frame_idx,t_frame_io,t_depth_copy,t_depth_inference,t_speed_preprocess,t_speed_raft_inference,t_speed_flow_grid,t_speed_3d_projection,t_speed_filter,t_speed_total,t_kalman_filter,t_vis_io,t_total_frame
1,0.0074481964111328125,0.0003807544708251953,0.22467994689941406,0.05605125427246094,0.06711387634277344,0.0014641284942626953,6.890296936035156e-05,0.0002269744873046875,0.12492752075195312,8.296966552734375e-05,0.0017154216766357422,0.13505291938781738
2,0.006448507308959961,0.00023627281188964844,0.22467994689941406,0.025372982025146484,0.0156404972076416,0.0011134147644042969,5.5789947509765625e-05,0.00016999244689941406,0.04235386848449707,5.555152893066406e-05,0.0013980865478515625,0.050688743591308594
3,0.005663156509399414,0.00026726722717285156,0.22467994689941406,0.014851808547973633,0.024033308029174805,0.00099945068359375,6.413459777832031e-05,0.0002689361572265625,0.040219783782958984,7.891654968261719e-05,0.0014715194702148438,0.04806184768676758
4,0.0048618316650390625,0.0004265308380126953,0.22467994689941406,0.0031409263610839844,0.023172616958618164,0.0011782646179199219,4.124641418457031e-05,0.00015997886657714844,0.027694225311279297,4.7206878662109375e-05,0.0009846687316894531,0.034239768981933594
5,0.004363536834716797,0.00019550323486328125,0.22467994689941406,0.002199411392211914,0.015326499938964844,0.0011866092681884766,3.814697265625e-05,0.00016951560974121094,0.01892232894897461,4.5299530029296875e-05,0.0009996891021728516,0.02475452423095703
6,0.004720926284790039,0.0002338886260986328,0.22467994689941406,0.001920938491821289,0.0152130126953125,0.0011582374572753906,4.076957702636719e-05,0.00015401840209960938,0.018488168716430664,4.839897155761719e-05,0.0010273456573486328,0.024758577346801758
7,0.004780769348144531,0.00026035308837890625,0.22467994689941406,0.002366781234741211,0.019092559814453125,0.001190185546875,3.504753112792969e-05,0.0001437664031982422,0.022829532623291016,5.6743621826171875e-05,0.0009822845458984375,0.029150962829589844
8,0.004245281219482422,0.0001957416534423828,0.22467994689941406,0.0018200874328613281,0.014379739761352539,0.0012052059173583984,4.4345855712890625e-05,0.00015592575073242188,0.017606496810913086,4.9591064453125e-05,0.0009214878082275391,0.02329254150390625
9,0.0039823055267333984,0.00023484230041503906,0.22467994689941406,0.002520322799682617,0.015262603759765625,0.0011878013610839844,5.316734313964844e-05,0.0001575946807861328,0.019182443618774414,5.14984130859375e-05,0.0009732246398925781,0.024663209915161133
10,0.004649639129638672,0.00019407272338867188,0.22467994689941406,0.0021500587463378906,0.017811298370361328,0.0011975765228271484,4.744529724121094e-05,0.00014281272888183594,0.021349668502807617,5.555152893066406e-05,0.0010347366333007812,0.02751779556274414
11,0.004505634307861328,0.0001914501190185547,0.22467994689941406,0.002229928970336914,0.015149116516113281,0.0011782646179199219,4.0531158447265625e-05,0.00015997886657714844,0.01875901222229004,5.054473876953125e-05,0.001005411148071289,0.024765729904174805
12,0.004190683364868164,0.00020003318786621094,0.22467994689941406,0.0021746158599853516,0.018549203872680664,0.0012087821960449219,3.814697265625e-05,0.0001430511474609375,0.02211475372314453,4.553794860839844e-05,0.0009224414825439453,0.02770829200744629
13,0.00443577766418457,0.00022912025451660156,0.22467994689941406,0.002065420150756836,0.014330863952636719,0.001146554946899414,4.076957702636719e-05,0.00014162063598632812,0.01772618293762207,4.506111145019531e-05,0.001470327377319336,0.024126529693603516
14,0.004666566848754883,0.0002586841583251953,0.22467994689941406,0.0021657943725585938,0.014983177185058594,0.0011749267578125,4.482269287109375e-05,0.0001461505889892578,0.018516063690185547,4.482269287109375e-05,0.0009319782257080078,0.02465224266052246
15,0.004159450531005859,0.000263214111328125,0.22467994689941406,0.0020928382873535156,0.015131473541259766,0.0011873245239257812,4.172325134277344e-05,0.0001423358917236328,0.018596649169921875,4.696846008300781e-05,0.0009434223175048828,0.024251461029052734
16,0.0040209293365478516,0.00021767616271972656,0.22467994689941406,0.0021932125091552734,0.01498556137084961,0.0011947154998779297,4.553794860839844e-05,0.0001571178436279297,0.01857733726501465,4.76837158203125e-05,0.0009167194366455078,0.02402210235595703
17,0.004555463790893555,0.0003371238708496094,0.22467994689941406,0.0023584365844726562,0.017531394958496094,0.001168966293334961,4.076957702636719e-05,0.0001475811004638672,0.021248340606689453,5.269050598144531e-05,0.0009942054748535156,0.027441978454589844
18,0.004357576370239258,0.00026702880859375,0.22467994689941406,0.00213623046875,0.014871597290039062,0.0012404918670654297,4.649162292480469e-05,0.0001823902130126953,0.018479585647583008,6.222724914550781e-05,0.001131296157836914,0.0245969295501709
19,0.004965543746948242,0.00024127960205078125,0.22467994689941406,0.002018451690673828,0.014766454696655273,0.0011532306671142578,4.57763671875e-05,0.0003094673156738281,0.018294095993041992,4.57763671875e-05,0.0009653568267822266,0.02474689483642578
20,0.00371551513671875,0.00023794174194335938,0.22467994689941406,0.0022013187408447266,0.014525890350341797,0.0011615753173828125,4.696846008300781e-05,0.0001316070556640625,0.018068313598632812,5.245208740234375e-05,0.0010585784912109375,0.023427248001098633
21,0.0045909881591796875,0.00028061866760253906,0.22467994689941406,0.0019266605377197266,0.014363288879394531,0.0011429786682128906,4.57763671875e-05,0.0001373291015625,0.017616748809814453,4.5299530029296875e-05,0.0009076595306396484,0.02366161346435547
22,0.004612445831298828,0.0002536773681640625,0.22467994689941406,0.002171039581298828,0.014389276504516602,0.001199483871459961,4.1484832763671875e-05,0.00015592575073242188,0.017958641052246094,4.7206878662109375e-05,0.0009908676147460938,0.024117469787597656
23,0.004553318023681641,0.00020837783813476562,0.22467994689941406,0.0019254684448242188,0.014332771301269531,0.0011372566223144531,4.0531158447265625e-05,0.00014734268188476562,0.01758432388305664,4.8160552978515625e-05,0.0009617805480957031,0.02358222007751465
24,0.003618001937866211,0.00021767616271972656,0.22467994689941406,0.0021479129791259766,0.01439523696899414,0.001199483871459961,3.8623809814453125e-05,0.00014972686767578125,0.017932415008544922,5.173683166503906e-05,0.0009591579437255859,0.023042917251586914
25,0.0035746097564697266,0.00021076202392578125,0.22467994689941406,0.0020303726196289062,0.014461040496826172,0.001219034194946289,3.933906555175781e-05,0.00016689300537109375,0.017917633056640625,6.175041198730469e-05,0.0014553070068359375,0.02347707748413086
26,0.004073143005371094,0.00023674964904785156,0.22467994689941406,0.002238750457763672,0.01446223258972168,0.0011849403381347656,4.458427429199219e-05,0.00016045570373535156,0.01809215545654297,5.507469177246094e-05,0.0009546279907226562,0.02365255355834961
27,0.004756450653076172,0.00023603439331054688,0.22467994689941406,0.00202178955078125,0.014442920684814453,0.0011599063873291016,4.1961669921875e-05,0.0001456737518310547,0.017813444137573242,4.6253204345703125e-05,0.0014939308166503906,0.024576425552368164
28,0.003595590591430664,0.00018310546875,0.22467994689941406,0.0017371177673339844,0.014351606369018555,0.0011560916900634766,4.2438507080078125e-05,0.00015616416931152344,0.017444610595703125,5.340576171875e-05,0.0009877681732177734,0.02250838279724121
29,0.004174470901489258,0.0002524852752685547,0.22467994689941406,0.0019328594207763672,0.014534235000610352,0.0011696815490722656,4.696846008300781e-05,0.00015282630920410156,0.0178377628326416,4.5299530029296875e-05,0.0010247230529785156,0.023577451705932617
30,0.0044269561767578125,0.00021123886108398438,0.22467994689941406,0.0019850730895996094,0.014422178268432617,0.0011823177337646484,4.1484832763671875e-05,0.00014734268188476562,0.01777958869934082,4.673004150390625e-05,0.0009777545928955078,0.02370142936706543
31,0.004183769226074219,0.0002944469451904297,0.22467994689941406,0.002150297164916992,0.014898061752319336,0.0011668205261230469,4.458427429199219e-05,0.00014853477478027344,0.018410205841064453,4.6253204345703125e-05,0.0010766983032226562,0.024295330047607422
32,0.0036804676055908203,0.0002090930938720703,0.22467994689941406,0.0020928382873535156,0.01474761962890625,0.0011417865753173828,4.2438507080078125e-05,0.00013685226440429688,0.018163442611694336,4.935264587402344e-05,0.0009565353393554688,0.02329087257385254
33,0.004250526428222656,0.00023174285888671875,0.22467994689941406,0.0019211769104003906,0.014368295669555664,0.0011744499206542969,3.886222839355469e-05,0.00014281272888183594,0.01764678955078125,4.935264587402344e-05,0.0009648799896240234,0.02339959144592285
34,0.0042302608489990234,0.0002238750457763672,0.22467994689941406,0.0021123886108398438,0.014440774917602539,0.0011832714080810547,5.3882598876953125e-05,0.00015616416931152344,0.017947912216186523,4.5299530029296875e-05,0.0009870529174804688,0.023679494857788086
35,0.004462003707885742,0.0002682209014892578,0.22467994689941406,0.0019130706787109375,0.014316558837890625,0.0011816024780273438,4.601478576660156e-05,0.00014209747314453125,0.017600297927856445,4.57763671875e-05,0.0009367465972900391,0.023548126220703125
36,0.004026889801025391,0.0002143383026123047,0.22467994689941406,0.0020606517791748047,0.014432191848754883,0.0011668205261230469,4.673004150390625e-05,0.00013828277587890625,0.017845869064331055,4.410743713378906e-05,0.0009481906890869141,0.023306608200073242
37,0.0042989253997802734,0.0001850128173828125,0.22467994689941406,0.002205371856689453,0.014404773712158203,0.001169443130493164,3.218650817871094e-05,0.0001430511474609375,0.017956018447875977,4.935264587402344e-05,0.0014352798461914062,0.02418351173400879
38,0.00473475456237793,0.0002791881561279297,0.22467994689941406,0.0020418167114257812,0.014322519302368164,0.001177072525024414,4.029273986816406e-05,0.0001518726348876953,0.017735004425048828,4.363059997558594e-05,0.0009791851043701172,0.0240020751953125
39,0.004553079605102539,0.0002396106719970703,0.22467994689941406,0.002054929733276367,0.014443635940551758,0.001177072525024414,3.910064697265625e-05,0.00015592575073242188,0.017871379852294922,4.363059997558594e-05,0.0009844303131103516,0.023933887481689453
40,0.0041620731353759766,0.0001964569091796875,0.22467994689941406,0.0020313262939453125,0.014435052871704102,0.0011746883392333984,4.6253204345703125e-05,0.00014781951904296875,0.017836332321166992,4.291534423828125e-05,0.0009274482727050781,0.0233914852142334
41,0.0038492679595947266,0.0002460479736328125,0.22467994689941406,0.002173185348510742,0.014319896697998047,0.0011670589447021484,4.00543212890625e-05,0.0001347064971923828,0.017835378646850586,5.340576171875e-05,0.0009624958038330078,0.023195266723632812
42,0.004301786422729492,0.00029730796813964844,0.22467994689941406,0.0022766590118408203,0.014404058456420898,0.001234292984008789,4.00543212890625e-05,0.00015878677368164062,0.018114566802978516,5.650520324707031e-05,0.0009949207305908203,0.02403426170349121
43,0.0043561458587646484,0.00022411346435546875,0.22467994689941406,0.002132415771484375,0.01450037956237793,0.0011870861053466797,4.291534423828125e-05,0.000156402587890625,0.0180203914642334,5.078315734863281e-05,0.001058340072631836,0.023960351943969727
44,0.004469871520996094,0.0002079010009765625,0.22467994689941406,0.0020465850830078125,0.01432347297668457,0.0011610984802246094,3.719329833984375e-05,0.00013375282287597656,0.01770329475402832,4.9114227294921875e-05,0.0009696483612060547,0.023655176162719727
45,0.0045013427734375,0.00024366378784179688,0.22467994689941406,0.0018846988677978516,0.014441490173339844,0.0011806488037109375,4.76837158203125e-05,0.00013780593872070312,0.01769280433654785,5.054473876953125e-05,0.0009615421295166016,0.02368450164794922
46,0.004394054412841797,0.00021767616271972656,0.22467994689941406,0.002135753631591797,0.014516115188598633,0.001155853271484375,4.863739013671875e-05,0.0001437664031982422,0.01800084114074707,4.863739013671875e-05,0.0010466575622558594,0.02395796775817871
47,0.0047800540924072266,0.0002529621124267578,0.22467994689941406,0.0021653175354003906,0.015040397644042969,0.0011746883392333984,4.863739013671875e-05,0.00013971328735351562,0.0185699462890625,4.5299530029296875e-05,0.0010273456573486328,0.02491903305053711
48,0.003747701644897461,0.00022721290588378906,0.22467994689941406,0.0020558834075927734,0.02055668830871582,0.0011730194091796875,5.0067901611328125e-05,0.00015926361083984375,0.023996353149414062,5.245208740234375e-05,0.0010349750518798828,0.02933502197265625
49,0.004872560501098633,0.0002429485321044922,0.22467994689941406,0.002199888229370117,0.014464616775512695,0.0011780261993408203,4.5299530029296875e-05,0.00015282630920410156,0.018041610717773438,4.6253204345703125e-05,0.0013916492462158203,0.02482891082763672
50,0.00484776496887207,0.0003876686096191406,0.22467994689941406,0.0024917125701904297,0.018924713134765625,0.0011456012725830078,3.62396240234375e-05,0.00017714500427246094,0.022776365280151367,7.390975952148438e-05,0.0009922981262207031,0.029331207275390625
51,0.004931926727294922,0.00028967857360839844,0.22467994689941406,0.0021505355834960938,0.014381170272827148,0.0011508464813232422,4.57763671875e-05,0.00015616416931152344,0.017885208129882812,5.602836608886719e-05,0.0010421276092529297,0.024448633193969727
52,0.004923582077026367,0.00025343894958496094,0.22467994689941406,0.002160310745239258,0.014362096786499023,0.001184225082397461,3.62396240234375e-05,0.00015020370483398438,0.01789402961730957,5.53131103515625e-05,0.0009531974792480469,0.024362802505493164
53,0.0048999786376953125,0.00024962425231933594,0.22467994689941406,0.002260923385620117,0.014367818832397461,0.0012011528015136719,3.838539123535156e-05,0.00015020370483398438,0.018019437789916992,4.9591064453125e-05,0.0009593963623046875,0.024434566497802734
54,0.004651069641113281,0.0002548694610595703,0.22467994689941406,0.0021865367889404297,0.014899253845214844,0.0013184547424316406,5.435943603515625e-05,0.00015234947204589844,0.018611669540405273,4.696846008300781e-05,0.0009396076202392578,0.02474832534790039
55,0.00422358512878418,0.00031280517578125,0.22467994689941406,0.0022766590118408203,0.022539138793945312,0.0009970664978027344,6.532669067382812e-05,0.0002689361572265625,0.026148557662963867,5.0067901611328125e-05,0.0009963512420654297,0.03201651573181152
56,0.004336357116699219,0.00027632713317871094,0.22467994689941406,0.002613544464111328,0.01494145393371582,0.0011603832244873047,4.410743713378906e-05,0.00018143653869628906,0.018943071365356445,5.078315734863281e-05,0.0009357929229736328,0.024774551391601562
57,0.004991292953491211,0.00024437904357910156,0.22467994689941406,0.0021622180938720703,0.014404535293579102,0.001169443130493164,4.649162292480469e-05,0.00014328956604003906,0.017927169799804688,4.696846008300781e-05,0.0009129047393798828,0.024359941482543945
58,0.0044023990631103516,0.0002391338348388672,0.22467994689941406,0.0022263526916503906,0.014442205429077148,0.0011773109436035156,4.124641418457031e-05,0.0001609325408935547,0.018049240112304688,4.649162292480469e-05,0.0008840560913085938,0.023851394653320312
59,0.004816293716430664,0.0002505779266357422,0.22467994689941406,0.002148151397705078,0.014588594436645508,0.0011975765228271484,3.886222839355469e-05,0.0001442432403564453,0.018118858337402344,4.8160552978515625e-05,0.0009784698486328125,0.02446293830871582
60,0.0038886070251464844,0.00023055076599121094,0.22467994689941406,0.0021071434020996094,0.014478683471679688,0.0012402534484863281,4.601478576660156e-05,0.0001423358917236328,0.018015384674072266,5.459785461425781e-05,0.0009665489196777344,0.02341938018798828
61,0.004879474639892578,0.0002818107604980469,0.22467994689941406,0.0021953582763671875,0.014543294906616211,0.0012347698211669922,3.743171691894531e-05,0.0001392364501953125,0.018151283264160156,5.030632019042969e-05,0.0012607574462890625,0.024858713150024414
62,0.004754543304443359,0.00023746490478515625,0.22467994689941406,0.002193927764892578,0.014470100402832031,0.0011780261993408203,3.504753112792969e-05,0.00014853477478027344,0.018026351928710938,4.3392181396484375e-05,0.0010924339294433594,0.024394989013671875
63,0.004716396331787109,0.0002491474151611328,0.22467994689941406,0.0021820068359375,0.014407157897949219,0.0011906623840332031,4.482269287109375e-05,0.0001697540283203125,0.017995595932006836,4.76837158203125e-05,0.000993490219116211,0.024274587631225586
64,0.0036695003509521484,0.00023245811462402344,0.22467994689941406,0.0020384788513183594,0.014679908752441406,0.0011906623840332031,5.125999450683594e-05,0.00015044212341308594,0.018111705780029297,4.5299530029296875e-05,0.000881195068359375,0.023186445236206055
65,0.0044748783111572266,0.0002739429473876953,0.22467994689941406,0.002335786819458008,0.014432430267333984,0.0012013912200927734,3.5762786865234375e-05,0.0001456737518310547,0.018151521682739258,5.3882598876953125e-05,0.0009150505065917969,0.02412724494934082
66,0.004487276077270508,0.0002231597900390625,0.22467994689941406,0.0022068023681640625,0.014393329620361328,0.0012128353118896484,4.5299530029296875e-05,0.00013184547424316406,0.017990827560424805,5.078315734863281e-05,0.0009596347808837891,0.023956298828125
67,0.0045166015625,0.00024271011352539062,0.22467994689941406,0.0022013187408447266,0.014452934265136719,0.0012059211730957031,4.172325134277344e-05,0.00013971328735351562,0.018042564392089844,4.887580871582031e-05,0.0008981227874755859,0.024007081985473633
68,0.003690958023071289,0.00019788742065429688,0.22467994689941406,0.0020470619201660156,0.014633417129516602,0.0011944770812988281,3.6716461181640625e-05,0.00015282630920410156,0.01806640625,4.649162292480469e-05,0.0009267330169677734,0.023181915283203125
69,0.004441976547241211,0.0001971721649169922,0.22467994689941406,0.0022623538970947266,0.014705657958984375,0.0008878707885742188,4.1961669921875e-05,0.00016164779663085938,0.018060684204101562,5.340576171875e-05,0.0009515285491943359,0.023960590362548828
70,0.0045354366302490234,0.00032973289489746094,0.22467994689941406,0.002645730972290039,0.02304553985595703,0.001697540283203125,4.482269287109375e-05,0.00014972686767578125,0.027584075927734375,0.0001285076141357422,0.002343416213989258,0.03540825843811035
71,0.008213043212890625,0.0012226104736328125,0.22467994689941406,0.04307079315185547,0.014560461044311523,0.0011324882507324219,4.6253204345703125e-05,0.0001590251922607422,0.05897188186645508,5.650520324707031e-05,0.001056671142578125,0.0698387622833252
72,0.004907131195068359,0.00020599365234375,0.08690524101257324,0.013392925262451172,0.015412092208862305,0.0011208057403564453,4.982948303222656e-05,0.00017833709716796875,0.030155658721923828,5.2928924560546875e-05,0.001104116439819336,0.03667306900024414
73,0.004184246063232422,0.0002460479736328125,0.08690524101257324,0.013390541076660156,0.015416622161865234,0.0011320114135742188,5.340576171875e-05,0.0001850128173828125,0.03017902374267578,5.984306335449219e-05,0.0015039443969726562,0.036437273025512695
74,0.00406336784362793,0.00024771690368652344,0.08690524101257324,0.013133049011230469,0.01713395118713379,0.0011546611785888672,5.6743621826171875e-05,0.00018024444580078125,0.03165936470031738,6.29425048828125e-05,0.0011844635009765625,0.03749585151672363
75,0.005312442779541016,0.0002155303955078125,0.08690524101257324,0.0252382755279541,0.015170812606811523,0.001148223876953125,3.838539123535156e-05,0.00014591217041015625,0.041742801666259766,5.364418029785156e-05,0.0009775161743164062,0.048560142517089844
76,0.003822803497314453,0.0002181529998779297,0.08690524101257324,0.029294967651367188,0.014636993408203125,0.0011434555053710938,4.410743713378906e-05,0.00014638900756835938,0.045267581939697266,5.340576171875e-05,0.0009174346923828125,0.05054020881652832
77,0.0034110546112060547,0.00018167495727539062,0.08690524101257324,0.02361273765563965,0.021461963653564453,0.001123189926147461,4.887580871582031e-05,0.00017333030700683594,0.04642128944396973,5.7697296142578125e-05,0.0017421245574951172,0.05207967758178711
78,0.0041904449462890625,0.00026679039001464844,0.08690524101257324,0.016139507293701172,0.015385627746582031,0.001177072525024414,4.363059997558594e-05,0.00014710426330566406,0.03289389610290527,5.316734313964844e-05,0.0010809898376464844,0.03875422477722168
79,0.003667116165161133,0.0002129077911376953,0.08690524101257324,0.00999593734741211,0.014934062957763672,0.0011661052703857422,4.38690185546875e-05,0.0001506805419921875,0.026291370391845703,5.340576171875e-05,0.0009610652923583984,0.0314481258392334
80,0.0039746761322021484,0.0002162456512451172,0.08690524101257324,0.013167858123779297,0.015064716339111328,0.0011610984802246094,4.1961669921875e-05,0.00015473365783691406,0.02959156036376953,5.316734313964844e-05,0.0009033679962158203,0.03500080108642578
81,0.004422426223754883,0.0002505779266357422,0.08690524101257324,0.013664722442626953,0.021547794342041016,0.0010063648223876953,4.363059997558594e-05,0.0001418590545654297,0.036405324935913086,5.221366882324219e-05,0.0011293888092041016,0.042531490325927734
82,0.004743337631225586,0.00021791458129882812,0.08690524101257324,0.0022835731506347656,0.018471240997314453,0.001161813735961914,4.4345855712890625e-05,0.00015616416931152344,0.022118806838989258,4.863739013671875e-05,0.0010750293731689453,0.028458356857299805
83,0.0044612884521484375,0.0002608299255371094,0.08690524101257324,0.0023033618927001953,0.015247344970703125,0.0011701583862304688,4.744529724121094e-05,0.00018525123596191406,0.01895427703857422,4.506111145019531e-05,0.0009617805480957031,0.024922847747802734
84,0.0037527084350585938,0.00021982192993164062,0.08690524101257324,0.002209901809692383,0.01438593864440918,0.0011746883392333984,4.172325134277344e-05,0.00014781951904296875,0.01796102523803711,4.649162292480469e-05,0.0009319782257080078,0.02317500114440918
85,0.004304170608520508,0.00023746490478515625,0.08690524101257324,0.002213001251220703,0.014404296875,0.0011799335479736328,4.2438507080078125e-05,0.000141143798828125,0.01798272132873535,4.8160552978515625e-05,0.0012767314910888672,0.024112224578857422
86,0.004514455795288086,0.00026154518127441406,0.08690524101257324,0.002341747283935547,0.014871597290039062,0.001168966293334961,4.0531158447265625e-05,0.00016307830810546875,0.018587350845336914,4.6253204345703125e-05,0.0009312629699707031,0.024593353271484375
87,0.003878355026245117,0.0002799034118652344,0.08690524101257324,0.002565622329711914,0.014683723449707031,0.0011715888977050781,4.291534423828125e-05,0.0001590251922607422,0.018624067306518555,4.887580871582031e-05,0.0009746551513671875,0.024052143096923828
88,0.003974437713623047,0.00022029876708984375,0.08690524101257324,0.002452850341796875,0.01470327377319336,0.0011873245239257812,4.124641418457031e-05,0.00016164779663085938,0.018547773361206055,4.5299530029296875e-05,0.0009012222290039062,0.023930072784423828
89,0.004571437835693359,0.00027370452880859375,0.08690524101257324,0.0022034645080566406,0.014379024505615234,0.0012052059173583984,6.604194641113281e-05,0.000164031982421875,0.018018722534179688,4.458427429199219e-05,0.001016855239868164,0.024178504943847656
90,0.004423856735229492,0.00027561187744140625,0.08690524101257324,0.002187490463256836,0.014460563659667969,0.0011878013610839844,4.4345855712890625e-05,0.00016307830810546875,0.018044710159301758,4.6253204345703125e-05,0.0009551048278808594,0.023981094360351562
91,0.00442814826965332,0.0002281665802001953,0.08690524101257324,0.002195119857788086,0.014526128768920898,0.0011980533599853516,4.0531158447265625e-05,0.00016880035400390625,0.018129348754882812,4.887580871582031e-05,0.0009953975677490234,0.024085283279418945
92,0.004682064056396484,0.00024628639221191406,0.08690524101257324,0.002481222152709961,0.016567230224609375,0.0011780261993408203,3.337860107421875e-05,0.00015044212341308594,0.02041172981262207,4.863739013671875e-05,0.0009086132049560547,0.026526927947998047
93,0.004730939865112305,0.00028586387634277344,0.08690524101257324,0.0022242069244384766,0.014443635940551758,0.001191854476928711,4.673004150390625e-05,0.00014781951904296875,0.01805567741394043,4.863739013671875e-05,0.0009326934814453125,0.024324893951416016
94,0.004652261734008789,0.0002243518829345703,0.08690524101257324,0.0023572444915771484,0.014765501022338867,0.0012562274932861328,4.458427429199219e-05,0.0001442432403564453,0.018568754196166992,4.8160552978515625e-05,0.000986337661743164,0.02472686767578125
95,0.004791975021362305,0.0003349781036376953,0.08690524101257324,0.0023937225341796875,0.015107870101928711,0.00122833251953125,4.935264587402344e-05,0.00017499923706054688,0.018954992294311523,4.696846008300781e-05,0.001013040542602539,0.025407791137695312
96,0.004362344741821289,0.00020647048950195312,0.08690524101257324,0.002073049545288086,0.01437234878540039,0.0011818408966064453,4.220008850097656e-05,0.0001361370086669922,0.017805814743041992,4.76837158203125e-05,0.0009012222290039062,0.02356886863708496
97,0.00453948974609375,0.00025153160095214844,0.08690524101257324,0.0021810531616210938,0.014436960220336914,0.0012047290802001953,3.8623809814453125e-05,0.00015878677368164062,0.018021345138549805,4.792213439941406e-05,0.0012927055358886719,0.024428367614746094
98,0.00458526611328125,0.0002288818359375,0.08690524101257324,0.0022356510162353516,0.014577388763427734,0.0011894702911376953,3.647804260253906e-05,0.00014710426330566406,0.018187522888183594,4.410743713378906e-05,0.0009725093841552734,0.024257659912109375
99,0.005021333694458008,0.0002334117889404297,0.08690524101257324,0.002196788787841797,0.014556407928466797,0.0011632442474365234,4.458427429199219e-05,0.00013375282287597656,0.01809525489807129,4.649162292480469e-05,0.0009729862213134766,0.024611234664916992
100,0.004423856735229492,0.00019741058349609375,0.08690524101257324,0.0019421577453613281,0.014402151107788086,0.0011844635009765625,4.172325134277344e-05,0.00014138221740722656,0.01771259307861328,7.104873657226562e-05,0.0009591579437255859,0.023609399795532227
101,0.004483699798583984,0.00021982192993164062,0.08690524101257324,0.002087116241455078,0.01453852653503418,0.0011777877807617188,4.553794860839844e-05,0.00014925003051757812,0.01799941062927246,4.601478576660156e-05,0.0009098052978515625,0.023895263671875
102,0.004598140716552734,0.00026297569274902344,0.08690524101257324,0.002110719680786133,0.014483451843261719,0.0011684894561767578,4.1484832763671875e-05,0.00014257431030273438,0.017947673797607422,4.673004150390625e-05,0.0009446144104003906,0.024041175842285156
103,0.0045201778411865234,0.0002396106719970703,0.08690524101257324,0.0024611949920654297,0.014596223831176758,0.0011777877807617188,4.673004150390625e-05,0.0001418590545654297,0.01842498779296875,4.3392181396484375e-05,0.0009541511535644531,0.02441716194152832
104,0.0043375492095947266,0.0002486705780029297,0.08690524101257324,0.0020415782928466797,0.014439821243286133,0.0011832714080810547,4.76837158203125e-05,0.0001506805419921875,0.017864227294921875,5.0067901611328125e-05,0.001049041748046875,0.023796796798706055
105,0.0036470890045166016,0.0002942085266113281,0.08690524101257324,0.0024695396423339844,0.014539241790771484,0.001184701919555664,4.1484832763671875e-05,0.0001785755157470703,0.01841449737548828,5.221366882324219e-05,0.0009810924530029297,0.023642778396606445
106,0.00463557243347168,0.00020456314086914062,0.08690524101257324,0.0021905899047851562,0.01466512680053711,0.001184225082397461,3.814697265625e-05,0.0001506805419921875,0.018229246139526367,4.6253204345703125e-05,0.0009875297546386719,0.024341583251953125
107,0.004729032516479492,0.0002543926239013672,0.08690524101257324,0.0020949840545654297,0.014611005783081055,0.0011990070343017578,4.673004150390625e-05,0.0001647472381591797,0.018117904663085938,8.058547973632812e-05,0.0009427070617675781,0.024367094039916992
108,0.003785371780395508,0.0002205371856689453,0.08690524101257324,0.001949310302734375,0.014966964721679688,0.0012056827545166016,4.2438507080078125e-05,0.00016546249389648438,0.018330812454223633,5.1975250244140625e-05,0.0009441375732421875,0.023606061935424805
109,0.0040628910064697266,0.00027060508728027344,0.08690524101257324,0.002320528030395508,0.0206146240234375,0.0011444091796875,4.6253204345703125e-05,0.00015282630920410156,0.02427983283996582,5.793571472167969e-05,0.0013964176177978516,0.030338048934936523
110,0.005211353302001953,0.00026869773864746094,0.08690524101257324,0.0021545886993408203,0.01592111587524414,0.0011899471282958984,3.910064697265625e-05,0.00015664100646972656,0.01946258544921875,5.2928924560546875e-05,0.0010235309600830078,0.026286840438842773
111,0.004316091537475586,0.00019693374633789062,0.08690524101257324,0.0020682811737060547,0.014343738555908203,0.0011868476867675781,3.886222839355469e-05,0.00016570091247558594,0.017804861068725586,5.459785461425781e-05,0.0009467601776123047,0.023567676544189453
112,0.003709554672241211,0.0001900196075439453,0.08690524101257324,0.001920938491821289,0.020674467086791992,0.000993967056274414,6.818771362304688e-05,0.00027823448181152344,0.023937225341796875,7.772445678710938e-05,0.0013775825500488281,0.029686689376831055
113,0.004911661148071289,0.0002593994140625,0.08690524101257324,0.0022597312927246094,0.014493942260742188,0.0012023448944091797,4.076957702636719e-05,0.00017142295837402344,0.018169403076171875,4.9591064453125e-05,0.0008902549743652344,0.02456831932067871
114,0.004604816436767578,0.0003197193145751953,0.08690524101257324,0.002324342727661133,0.014484167098999023,0.0011844635009765625,4.553794860839844e-05,0.00013709068298339844,0.01817607879638672,4.6253204345703125e-05,0.0008766651153564453,0.02428603172302246
115,0.004503488540649414,0.00030159950256347656,0.08690524101257324,0.0023789405822753906,0.014403581619262695,0.0011794567108154297,4.601478576660156e-05,0.0001430511474609375,0.018152236938476562,4.792213439941406e-05,0.0009317398071289062,0.024175405502319336
116,0.0038385391235351562,0.0002067089080810547,0.08690524101257324,0.0020956993103027344,0.014467716217041016,0.0011818408966064453,4.1484832763671875e-05,0.00014162063598632812,0.017929553985595703,4.4345855712890625e-05,0.0008714199066162109,0.02311873435974121
117,0.004431962966918945,0.0003123283386230469,0.08690524101257324,0.002214193344116211,0.014475822448730469,0.0011868476867675781,4.363059997558594e-05,0.00014781951904296875,0.01806950569152832,4.553794860839844e-05,0.0008904933929443359,0.023983240127563477
118,0.0043697357177734375,0.0002846717834472656,0.08690524101257324,0.002081155776977539,0.014398813247680664,0.001154184341430664,4.410743713378906e-05,0.000148773193359375,0.017828702926635742,4.673004150390625e-05,0.0009307861328125,0.023691654205322266
119,0.004319906234741211,0.00026679039001464844,0.08690524101257324,0.002367734909057617,0.01436305046081543,0.0011987686157226562,3.457069396972656e-05,0.00015807151794433594,0.018123865127563477,4.696846008300781e-05,0.0010504722595214844,0.024095535278320312
120,0.004019737243652344,0.0002086162567138672,0.08690524101257324,0.0020842552185058594,0.014518260955810547,0.0011935234069824219,4.6253204345703125e-05,0.0001506805419921875,0.017994403839111328,5.125999450683594e-05,0.0009071826934814453,0.023462772369384766
121,0.0037369728088378906,0.00036787986755371094,0.08690524101257324,0.002787351608276367,0.018084287643432617,0.0011777877807617188,3.910064697265625e-05,0.00016617774963378906,0.022255897521972656,4.673004150390625e-05,0.001279592514038086,0.027931690216064453
122,0.004960775375366211,0.00032639503479003906,0.08690524101257324,0.0023026466369628906,0.014649152755737305,0.0012371540069580078,4.673004150390625e-05,0.0001499652862548828,0.018386363983154297,4.7206878662109375e-05,0.0008714199066162109,0.024857759475708008
123,0.004591703414916992,0.00023889541625976562,0.08690524101257324,0.002234935760498047,0.014924764633178711,0.0012001991271972656,4.172325134277344e-05,0.0001659393310546875,0.018568992614746094,5.14984130859375e-05,0.0009696483612060547,0.024672985076904297
124,0.004029512405395508,0.0002422332763671875,0.08690524101257324,0.0022017955780029297,0.015094518661499023,0.0012090206146240234,4.124641418457031e-05,0.0001976490020751953,0.01874542236328125,7.915496826171875e-05,0.0008962154388427734,0.024244308471679688
125,0.004662990570068359,0.0002589225769042969,0.08690524101257324,0.0021424293518066406,0.015258073806762695,0.0011723041534423828,4.673004150390625e-05,0.00014710426330566406,0.0187680721282959,4.7206878662109375e-05,0.0009107589721679688,0.024910449981689453
126,0.004520416259765625,0.0002868175506591797,0.08690524101257324,0.002293825149536133,0.014548063278198242,0.001188039779663086,3.504753112792969e-05,0.0001475811004638672,0.018213987350463867,4.673004150390625e-05,0.0009272098541259766,0.024239540100097656
127,0.004440784454345703,0.00021529197692871094,0.08690524101257324,0.0022003650665283203,0.014569759368896484,0.0011870861053466797,4.5299530029296875e-05,0.00013947486877441406,0.0181429386138916,4.9114227294921875e-05,0.0014379024505615234,0.024526596069335938
128,0.003648519515991211,0.00019979476928710938,0.08690524101257324,0.002101898193359375,0.014515161514282227,0.0011875629425048828,4.1961669921875e-05,0.00014638900756835938,0.017994165420532227,5.555152893066406e-05,0.0010869503021240234,0.023241043090820312
129,0.004983663558959961,0.0002849102020263672,0.08690524101257324,0.0022923946380615234,0.014511346817016602,0.0011913776397705078,4.410743713378906e-05,0.00014090538024902344,0.018181324005126953,4.76837158203125e-05,0.0010042190551757812,0.024747610092163086
130,0.00442957878112793,0.0002944469451904297,0.08690524101257324,0.0022232532501220703,0.01447606086730957,0.0011627674102783203,4.2438507080078125e-05,0.00014352798461914062,0.018049240112304688,4.6253204345703125e-05,0.0010707378387451172,0.02413034439086914
131,0.00452733039855957,0.00023651123046875,0.08690524101257324,0.0021369457244873047,0.014562845230102539,0.0011775493621826172,4.100799560546875e-05,0.00013780593872070312,0.01805710792541504,5.1975250244140625e-05,0.0009672641754150391,0.024071455001831055
132,0.004077434539794922,0.0002586841583251953,0.08690524101257324,0.0021660327911376953,0.014415979385375977,0.001199483871459961,4.124641418457031e-05,0.000164031982421875,0.017987966537475586,5.078315734863281e-05,0.0010612010955810547,0.023702383041381836
133,0.004481792449951172,0.0002295970916748047,0.08690524101257324,0.002263784408569336,0.015269041061401367,0.0012059211730957031,4.792213439941406e-05,0.00014829635620117188,0.0189359188079834,5.0067901611328125e-05,0.0013356208801269531,0.025274038314819336
134,0.004725933074951172,0.0003230571746826172,0.08690524101257324,0.0020704269409179688,0.014591693878173828,0.0011835098266601562,4.1961669921875e-05,0.00015783309936523438,0.01804637908935547,4.8160552978515625e-05,0.0008823871612548828,0.024280548095703125
135,0.004409074783325195,0.00022482872009277344,0.08690524101257324,0.002045154571533203,0.014464378356933594,0.001180887222290039,3.504753112792969e-05,0.00014519691467285156,0.017871379852294922,4.7206878662109375e-05,0.0009374618530273438,0.023749113082885742
136,0.00395655632019043,0.00018525123596191406,0.08690524101257324,0.0020873546600341797,0.014344453811645508,0.0011966228485107422,4.076957702636719e-05,0.00017142295837402344,0.017841339111328125,4.601478576660156e-05,0.0008943080902099609,0.023183107376098633
137,0.004607439041137695,0.00028824806213378906,0.08690524101257324,0.0022058486938476562,0.01443624496459961,0.0011868476867675781,4.506111145019531e-05,0.0001552104949951172,0.01803112030029297,4.482269287109375e-05,0.0008711814880371094,0.02408576011657715
138,0.0043871402740478516,0.00029969215393066406,0.08690524101257324,0.0022535324096679688,0.014434099197387695,0.0012013912200927734,4.3392181396484375e-05,0.0001399517059326172,0.018073558807373047,4.4345855712890625e-05,0.0009307861328125,0.023972272872924805
139,0.0043277740478515625,0.00024390220642089844,0.08690524101257324,0.0024771690368652344,0.014550447463989258,0.0011553764343261719,4.029273986816406e-05,0.0001456737518310547,0.01836991310119629,4.601478576660156e-05,0.0009238719940185547,0.024164915084838867
140,0.004035234451293945,0.0003535747528076172,0.08690524101257324,0.0032503604888916016,0.022836923599243164,0.0018913745880126953,0.00017070770263671875,0.0005702972412109375,0.028721094131469727,6.031990051269531e-05,0.0024917125701904297,0.03607034683227539
141,0.012303829193115234,0.00043201446533203125,0.08690524101257324,0.021061182022094727,0.03026556968688965,0.0011272430419921875,5.9604644775390625e-05,0.00019049644470214844,0.05270648002624512,6.437301635742188e-05,0.0011882781982421875,0.06699395179748535
142,0.005071878433227539,0.0002200603485107422,0.08241677284240723,0.012686014175415039,0.015610694885253906,0.0011548995971679688,5.316734313964844e-05,0.0001697540283203125,0.02967524528503418,6.031990051269531e-05,0.0011227130889892578,0.03641700744628906
143,0.003923177719116211,0.00015974044799804688,0.08241677284240723,0.013456583023071289,0.015390396118164062,0.0011401176452636719,5.0067901611328125e-05,0.0001823902130126953,0.030220746994018555,5.9604644775390625e-05,0.0010960102081298828,0.03570675849914551
144,0.003343343734741211,0.0001761913299560547,0.08241677284240723,0.013297319412231445,0.015436649322509766,0.001149892807006836,5.0067901611328125e-05,0.000171661376953125,0.03010702133178711,6.175041198730469e-05,0.0010776519775390625,0.03502917289733887
145,0.004221916198730469,0.00016880035400390625,0.08241677284240723,0.01833939552307129,0.018367767333984375,0.0011377334594726562,4.601478576660156e-05,0.00017142295837402344,0.03806304931640625,5.7220458984375e-05,0.0016608238220214844,0.04442167282104492
146,0.00410151481628418,0.00022482872009277344,0.08241677284240723,0.00997304916381836,0.015435934066772461,0.001135110855102539,5.507469177246094e-05,0.0001804828643798828,0.026781558990478516,6.079673767089844e-05,0.00110626220703125,0.032540082931518555
147,0.004707813262939453,0.0001995563507080078,0.08241677284240723,0.013906717300415039,0.015533447265625,0.0011184215545654297,6.222724914550781e-05,0.00019407272338867188,0.03081655502319336,6.771087646484375e-05,0.0011200904846191406,0.037221431732177734
148,0.006087779998779297,0.0002269744873046875,0.08241677284240723,0.013310909271240234,0.015540599822998047,0.0011434555053710938,4.744529724121094e-05,0.0001747608184814453,0.03021836280822754,6.389617919921875e-05,0.001142740249633789,0.038011789321899414
149,0.004301548004150391,0.00018405914306640625,0.08241677284240723,0.010022640228271484,0.015442609786987305,0.0011210441589355469,4.887580871582031e-05,0.0001842975616455078,0.026821374893188477,5.8650970458984375e-05,0.0010671615600585938,0.03267383575439453
150,0.004458427429199219,0.00022745132446289062,0.08241677284240723,0.01442575454711914,0.014921188354492188,0.001169443130493164,4.124641418457031e-05,0.00014495849609375,0.030703306198120117,5.4836273193359375e-05,0.0009665489196777344,0.03667759895324707
151,0.004936933517456055,0.0002002716064453125,0.08241677284240723,0.010027647018432617,0.014977216720581055,0.0012061595916748047,4.1484832763671875e-05,0.00016045570373535156,0.026413917541503906,5.316734313964844e-05,0.0009210109710693359,0.0327913761138916
152,0.004456281661987305,0.00022673606872558594,0.08241677284240723,0.012534379959106445,0.02272796630859375,0.0010066032409667969,6.723403930664062e-05,0.0002713203430175781,0.036609649658203125,7.343292236328125e-05,0.0014257431030273438,0.04320812225341797
153,0.0054395198822021484,0.00029397010803222656,0.08241677284240723,0.00257110595703125,0.020666837692260742,0.0012774467468261719,4.220008850097656e-05,0.00014972686767578125,0.024708271026611328,4.363059997558594e-05,0.0010161399841308594,0.03173828125
154,0.004624605178833008,0.0002532005310058594,0.08241677284240723,0.002168893814086914,0.01674199104309082,0.0012538433074951172,3.790855407714844e-05,0.0001361370086669922,0.0203399658203125,5.745887756347656e-05,0.0010764598846435547,0.026636362075805664
155,0.004527091979980469,0.0002472400665283203,0.08241677284240723,0.0020492076873779297,0.015962839126586914,0.0011911392211914062,4.5299530029296875e-05,0.00016045570373535156,0.019410371780395508,5.0067901611328125e-05,0.0008976459503173828,0.025394678115844727
156,0.004271745681762695,0.00020623207092285156,0.08241677284240723,0.0020155906677246094,0.014397621154785156,0.0011794567108154297,4.076957702636719e-05,0.00016236305236816406,0.017796993255615234,4.649162292480469e-05,0.0009486675262451172,0.02353644371032715
157,0.004519462585449219,0.0002694129943847656,0.08241677284240723,0.002362966537475586,0.014503240585327148,0.0012011528015136719,4.7206878662109375e-05,0.00015306472778320312,0.018268585205078125,4.8160552978515625e-05,0.0012485980987548828,0.024634122848510742
158,0.003949642181396484,0.00021386146545410156,0.08241677284240723,0.0023241043090820312,0.01452493667602539,0.001177072525024414,4.267692565917969e-05,0.00016045570373535156,0.018230199813842773,4.553794860839844e-05,0.0009233951568603516,0.02360081672668457
159,0.005228757858276367,0.0002377033233642578,0.08241677284240723,0.0025277137756347656,0.020435333251953125,0.0012028217315673828,3.600120544433594e-05,0.00015687942504882812,0.024360179901123047,5.125999450683594e-05,0.0009865760803222656,0.031125545501708984
160,0.0036389827728271484,0.0001964569091796875,0.08241677284240723,0.0019037723541259766,0.014444112777709961,0.0011937618255615234,5.459785461425781e-05,0.00016570091247558594,0.017763137817382812,5.507469177246094e-05,0.0009920597076416016,0.02292609214782715
161,0.0045239925384521484,0.00024580955505371094,0.08241677284240723,0.002384662628173828,0.014846324920654297,0.0011675357818603516,4.38690185546875e-05,0.0001499652862548828,0.018593788146972656,5.5789947509765625e-05,0.0009138584136962891,0.024604082107543945
162,0.004656314849853516,0.0002713203430175781,0.08241677284240723,0.002234935760498047,0.014644622802734375,0.0012118816375732422,4.124641418457031e-05,0.00015735626220703125,0.018291473388671875,4.8160552978515625e-05,0.0010242462158203125,0.02455925941467285
163,0.004302501678466797,0.00028443336486816406,0.08241677284240723,0.0023467540740966797,0.014676570892333984,0.0011806488037109375,4.982948303222656e-05,0.000164031982421875,0.01841878890991211,5.221366882324219e-05,0.0009586811065673828,0.02428722381591797
164,0.003948211669921875,0.00025963783264160156,0.08241677284240723,0.002121448516845703,0.01475834846496582,0.0012066364288330078,4.220008850097656e-05,0.00016260147094726562,0.01829218864440918,4.6253204345703125e-05,0.0009748935699462891,0.02376389503479004
165,0.004643440246582031,0.00024509429931640625,0.08241677284240723,0.002258777618408203,0.01940011978149414,0.001191854476928711,4.124641418457031e-05,0.00015616416931152344,0.023049116134643555,4.935264587402344e-05,0.0008869171142578125,0.029114723205566406
166,0.004334926605224609,0.00028967857360839844,0.08241677284240723,0.0022597312927246094,0.017806053161621094,0.0011599063873291016,4.744529724121094e-05,0.00024199485778808594,0.02151656150817871,4.935264587402344e-05,0.0009655952453613281,0.027404069900512695
167,0.0046215057373046875,0.0002856254577636719,0.08241677284240723,0.002349376678466797,0.014953374862670898,0.0011970996856689453,3.981590270996094e-05,0.00015401840209960938,0.01869487762451172,5.125999450683594e-05,0.0009493827819824219,0.024892091751098633
168,0.0035839080810546875,0.00019884109497070312,0.08241677284240723,0.002185821533203125,0.014988183975219727,0.0011682510375976562,4.649162292480469e-05,0.00013685226440429688,0.018526554107666016,4.744529724121094e-05,0.0009691715240478516,0.02356123924255371
169,0.00442051887512207,0.0002906322479248047,0.08241677284240723,0.0023920536041259766,0.014980316162109375,0.001210927963256836,4.172325134277344e-05,0.00016164779663085938,0.01878833770751953,4.601478576660156e-05,0.0012667179107666016,0.025057554244995117
170,0.004210233688354492,0.0002465248107910156,0.08241677284240723,0.0024068355560302734,0.015028953552246094,0.0011780261993408203,4.172325134277344e-05,0.00015354156494140625,0.018810033798217773,4.9114227294921875e-05,0.0009484291076660156,0.02454352378845215
171,0.00520777702331543,0.00024199485778808594,0.08241677284240723,0.002756357192993164,0.017806053161621094,0.0011677742004394531,3.62396240234375e-05,0.00014781951904296875,0.021915197372436523,5.459785461425781e-05,0.0009577274322509766,0.028611183166503906
172,0.003893613815307617,0.00018262863159179688,0.08241677284240723,0.0020630359649658203,0.014383316040039062,0.0011699199676513672,3.7670135498046875e-05,0.00014209747314453125,0.017797231674194336,4.553794860839844e-05,0.0009279251098632812,0.023075103759765625
173,0.0044896602630615234,0.0002567768096923828,0.08241677284240723,0.0022797584533691406,0.014408111572265625,0.0012047290802001953,4.5299530029296875e-05,0.0001533031463623047,0.018092870712280273,5.1975250244140625e-05,0.0008759498596191406,0.02401280403137207
174,0.004486083984375,0.00026798248291015625,0.08241677284240723,0.0022971630096435547,0.014410018920898438,0.0011677742004394531,4.506111145019531e-05,0.00014495849609375,0.01806640625,4.744529724121094e-05,0.0009119510650634766,0.024036884307861328
175,0.004485607147216797,0.00024580955505371094,0.08241677284240723,0.002275228500366211,0.014377832412719727,0.00118255615234375,4.029273986816406e-05,0.00016188621520996094,0.018038511276245117,4.601478576660156e-05,0.0009126663208007812,0.02398991584777832
176,0.0038099288940429688,0.00023102760314941406,0.08241677284240723,0.002215862274169922,0.014397382736206055,0.0011725425720214844,3.600120544433594e-05,0.00013566017150878906,0.017958402633666992,4.792213439941406e-05,0.0008654594421386719,0.023160219192504883
177,0.004296064376831055,0.0002751350402832031,0.08241677284240723,0.0021390914916992188,0.01442098617553711,0.0011954307556152344,4.7206878662109375e-05,0.00016498565673828125,0.017969131469726562,4.839897155761719e-05,0.001341104507446289,0.024169445037841797
178,0.004422426223754883,0.00027108192443847656,0.08241677284240723,0.0022783279418945312,0.014421939849853516,0.0011878013610839844,4.00543212890625e-05,0.00015091896057128906,0.018079519271850586,4.8160552978515625e-05,0.0011429786682128906,0.024216890335083008
179,0.004496097564697266,0.000270843505859375,0.08241677284240723,0.002262592315673828,0.014376640319824219,0.0011892318725585938,4.1961669921875e-05,0.00016045570373535156,0.01803135871887207,4.3392181396484375e-05,0.0009515285491943359,0.024049997329711914
180,0.0038733482360839844,0.00022149085998535156,0.08241677284240723,0.002284526824951172,0.016454219818115234,0.00118255615234375,4.00543212890625e-05,0.00016880035400390625,0.02013087272644043,4.506111145019531e-05,0.0009338855743408203,0.025445938110351562
181,0.0046803951263427734,0.0002446174621582031,0.08241677284240723,0.0020570755004882812,0.014305591583251953,0.0012209415435791016,3.981590270996094e-05,0.00016808509826660156,0.017792463302612305,5.054473876953125e-05,0.0012717247009277344,0.024299144744873047
182,0.004465818405151367,0.0002789497375488281,0.08241677284240723,0.0021572113037109375,0.014490604400634766,0.0011970996856689453,4.553794860839844e-05,0.00015687942504882812,0.018048524856567383,4.410743713378906e-05,0.0009415149688720703,0.02401590347290039
183,0.0044498443603515625,0.0002052783966064453,0.08241677284240723,0.0021982192993164062,0.014558076858520508,0.0012023448944091797,3.7670135498046875e-05,0.0001392364501953125,0.01813650131225586,5.1975250244140625e-05,0.0009610652923583984,0.02406001091003418
184,0.003873586654663086,0.00027179718017578125,0.08241677284240723,0.002426624298095703,0.014519214630126953,0.0011625289916992188,3.981590270996094e-05,0.00014138221740722656,0.01829051971435547,4.9114227294921875e-05,0.0008776187896728516,0.02361893653869629
185,0.004791975021362305,0.00026988983154296875,0.08241677284240723,0.0023260116577148438,0.014500141143798828,0.0011801719665527344,4.553794860839844e-05,0.00015211105346679688,0.018204450607299805,5.14984130859375e-05,0.00089263916015625,0.02448725700378418
186,0.004544258117675781,0.00023818016052246094,0.08241677284240723,0.0021331310272216797,0.014575958251953125,0.00118255615234375,4.410743713378906e-05,0.00018453598022460938,0.018120765686035156,4.7206878662109375e-05,0.0009210109710693359,0.02413773536682129
187,0.0046308040618896484,0.00020313262939453125,0.08241677284240723,0.002170562744140625,0.014703989028930664,0.0013277530670166016,4.482269287109375e-05,0.00015783309936523438,0.018406391143798828,5.7697296142578125e-05,0.0010221004486083984,0.024567365646362305
188,0.0043888092041015625,0.0002231597900390625,0.08241677284240723,0.002034425735473633,0.014486551284790039,0.0011889934539794922,4.792213439941406e-05,0.00015354156494140625,0.017913103103637695,5.125999450683594e-05,0.0009136199951171875,0.02375483512878418
189,0.004546642303466797,0.000255584716796875,0.08241677284240723,0.002179861068725586,0.014602899551391602,0.001201629638671875,4.482269287109375e-05,0.0001442432403564453,0.018174409866333008,4.863739013671875e-05,0.000949859619140625,0.02421879768371582
190,0.004513263702392578,0.0002205371856689453,0.08241677284240723,0.0021164417266845703,0.014453887939453125,0.0011687278747558594,4.220008850097656e-05,0.0001418590545654297,0.017923831939697266,5.030632019042969e-05,0.0009737014770507812,0.023931264877319336
191,0.004708766937255859,0.00025200843811035156,0.08241677284240723,0.002258777618408203,0.014486312866210938,0.0011687278747558594,4.5299530029296875e-05,0.00014400482177734375,0.01810455322265625,5.173683166503906e-05,0.0009043216705322266,0.024306535720825195
192,0.004227876663208008,0.00023221969604492188,0.08241677284240723,0.0021393299102783203,0.01435708999633789,0.0011792182922363281,4.00543212890625e-05,0.00013518333435058594,0.017852067947387695,4.482269287109375e-05,0.0008947849273681641,0.023488998413085938
193,0.004561662673950195,0.00029158592224121094,0.08241677284240723,0.002152681350708008,0.014408349990844727,0.001207113265991211,3.838539123535156e-05,0.00013589859008789062,0.017943620681762695,4.792213439941406e-05,0.0013701915740966797,0.024457931518554688
194,0.004179716110229492,0.00029969215393066406,0.08241677284240723,0.0020596981048583984,0.014404535293579102,0.0012001991271972656,4.6253204345703125e-05,0.00014591217041015625,0.017857789993286133,4.9591064453125e-05,0.0009050369262695312,0.02353215217590332
195,0.0047607421875,0.00023508071899414062,0.08241677284240723,0.002226591110229492,0.014498472213745117,0.0012133121490478516,4.00543212890625e-05,0.00014543533325195312,0.018125057220458984,4.839897155761719e-05,0.0009133815765380859,0.024333953857421875
196,0.003997802734375,0.0002009868621826172,0.08241677284240723,0.0024902820587158203,0.015429496765136719,0.0011546611785888672,4.124641418457031e-05,0.0001595020294189453,0.019276857376098633,4.792213439941406e-05,0.0009076595306396484,0.024681806564331055
197,0.0036520957946777344,0.00023984909057617188,0.08241677284240723,0.002138376235961914,0.014623165130615234,0.0011773109436035156,4.57763671875e-05,0.00016450881958007812,0.018150806427001953,6.318092346191406e-05,0.000885009765625,0.02325725555419922
198,0.004935741424560547,0.0003185272216796875,0.08241677284240723,0.002558469772338867,0.014513969421386719,0.0011906623840332031,4.220008850097656e-05,0.00013780593872070312,0.01844477653503418,4.649162292480469e-05,0.0008473396301269531,0.024843692779541016
199,0.004551887512207031,0.0002269744873046875,0.08241677284240723,0.0022351741790771484,0.014571905136108398,0.0011944770812988281,3.4332275390625e-05,0.00015020370483398438,0.01818704605102539,4.38690185546875e-05,0.0008900165557861328,0.024166584014892578
200,0.004355669021606445,0.00022530555725097656,0.08241677284240723,0.0020935535430908203,0.014370203018188477,0.0011827945709228516,4.00543212890625e-05,0.00016498565673828125,0.0178530216217041,4.506111145019531e-05,0.0008661746978759766,0.023593425750732422
201,0.004381895065307617,0.00025725364685058594,0.08241677284240723,0.002184629440307617,0.014437198638916016,0.0011835098266601562,4.6253204345703125e-05,0.00013899803161621094,0.01799178123474121,4.935264587402344e-05,0.0008685588836669922,0.023807764053344727
202,0.004451751708984375,0.0002586841583251953,0.08241677284240723,0.002115964889526367,0.014712333679199219,0.0011744499206542969,4.029273986816406e-05,0.00015854835510253906,0.018203258514404297,5.53131103515625e-05,0.0008611679077148438,0.024106264114379883
203,0.004647254943847656,0.000316619873046875,0.08241677284240723,0.0024030208587646484,0.014590740203857422,0.0011975765228271484,4.0531158447265625e-05,0.00016736984252929688,0.018399715423583984,4.982948303222656e-05,0.0009398460388183594,0.024605274200439453
204,0.004498004913330078,0.00019621849060058594,0.08241677284240723,0.0020804405212402344,0.014563560485839844,0.001180887222290039,4.363059997558594e-05,0.0001652240753173828,0.018034696578979492,4.982948303222656e-05,0.0009353160858154297,0.023952722549438477
205,0.0041277408599853516,0.0002548694610595703,0.08241677284240723,0.002178668975830078,0.014652013778686523,0.0012006759643554688,4.744529724121094e-05,0.00015354156494140625,0.0182340145111084,6.461143493652344e-05,0.0013778209686279297,0.024342060089111328
206,0.005141496658325195,0.00028228759765625,0.08241677284240723,0.0023453235626220703,0.014451265335083008,0.0012059211730957031,4.6253204345703125e-05,0.0001506805419921875,0.01820063591003418,4.863739013671875e-05,0.0008552074432373047,0.024791717529296875
207,0.0045299530029296875,0.00024437904357910156,0.08241677284240723,0.0021848678588867188,0.01446986198425293,0.0011887550354003906,4.744529724121094e-05,0.00015425682067871094,0.01804637908935547,4.673004150390625e-05,0.0009572505950927734,0.024065732955932617
208,0.0043256282806396484,0.0002346038818359375,0.08241677284240723,0.00214385986328125,0.014441251754760742,0.0011968612670898438,4.029273986816406e-05,0.00015854835510253906,0.01798224449157715,5.173683166503906e-05,0.0009245872497558594,0.023778676986694336
209,0.0042917728424072266,0.00026488304138183594,0.08241677284240723,0.002166748046875,0.014459848403930664,0.0011959075927734375,4.696846008300781e-05,0.00016069412231445312,0.01803112030029297,4.5299530029296875e-05,0.0009138584136962891,0.023788928985595703
210,0.0035543441772460938,0.0002663135528564453,0.08241677284240723,0.0030138492584228516,0.022898435592651367,0.0019087791442871094,0.00016236305236816406,0.0005247592926025391,0.028509855270385742,6.0558319091796875e-05,0.002516031265258789,0.035385847091674805
211,0.00648951530456543,0.0005924701690673828,0.08241677284240723,0.020441532135009766,0.03653383255004883,0.0011272430419921875,4.744529724121094e-05,0.00017023086547851562,0.0583343505859375,5.745887756347656e-05,0.0010662078857421875,0.06684136390686035
212,0.005923032760620117,0.0002071857452392578,0.08344745635986328,0.013121604919433594,0.019309282302856445,0.0011343955993652344,4.029273986816406e-05,0.00013828277587890625,0.03374481201171875,4.887580871582031e-05,0.0011057853698730469,0.04126906394958496
213,0.0033953189849853516,0.0001766681671142578,0.08344745635986328,0.018447160720825195,0.017696857452392578,0.0011539459228515625,4.0531158447265625e-05,0.0001468658447265625,0.03748679161071777,5.078315734863281e-05,0.0009121894836425781,0.04226255416870117
214,0.004000425338745117,0.0002675056457519531,0.08344745635986328,0.017412424087524414,0.015474557876586914,0.0011413097381591797,5.412101745605469e-05,0.00018072128295898438,0.034264326095581055,6.127357482910156e-05,0.0010733604431152344,0.039925575256347656
215,0.0038878917694091797,0.00028705596923828125,0.08344745635986328,0.013517379760742188,0.015450000762939453,0.0011165142059326172,5.3882598876953125e-05,0.0001723766326904297,0.03031134605407715,5.936622619628906e-05,0.0011272430419921875,0.03592085838317871
216,0.00528407096862793,0.0001900196075439453,0.08344745635986328,0.01444101333618164,0.01548457145690918,0.0011341571807861328,5.459785461425781e-05,0.0001697540283203125,0.03128528594970703,6.246566772460938e-05,0.0011353492736816406,0.03821825981140137
217,0.0034520626068115234,0.0001742839813232422,0.08344745635986328,0.022902488708496094,0.015369892120361328,0.0011339187622070312,4.172325134277344e-05,0.0001468658447265625,0.0395963191986084,5.221366882324219e-05,0.0013000965118408203,0.04483318328857422
218,0.0037834644317626953,0.00021958351135253906,0.08344745635986328,0.013684272766113281,0.019312620162963867,0.0011322498321533203,4.267692565917969e-05,0.0001461505889892578,0.03431963920593262,5.1975250244140625e-05,0.0008945465087890625,0.039513587951660156
219,0.003915309906005859,0.0002503395080566406,0.08344745635986328,0.012153863906860352,0.014938592910766602,0.0011718273162841797,3.910064697265625e-05,0.00014400482177734375,0.02844858169555664,5.412101745605469e-05,0.000972747802734375,0.0339663028717041
220,0.004121541976928711,0.00020265579223632812,0.08344745635986328,0.014015913009643555,0.015156984329223633,0.0011773109436035156,4.4345855712890625e-05,0.00015211105346679688,0.0305478572845459,6.580352783203125e-05,0.0010378360748291016,0.036249399185180664
221,0.004643678665161133,0.00023889541625976562,0.08344745635986328,0.014066934585571289,0.015319347381591797,0.0011527538299560547,4.410743713378906e-05,0.00015783309936523438,0.03074193000793457,5.221366882324219e-05,0.0009036064147949219,0.03682851791381836
222,0.004702329635620117,0.00025844573974609375,0.08344745635986328,0.0020437240600585938,0.014419317245483398,0.0011839866638183594,4.410743713378906e-05,0.0001537799835205078,0.017845869064331055,4.696846008300781e-05,0.0008857250213623047,0.024023056030273438
223,0.00448298454284668,0.00025343894958496094,0.08344745635986328,0.0023047924041748047,0.015137434005737305,0.0011594295501708984,4.7206878662109375e-05,0.00016379356384277344,0.018813133239746094,4.744529724121094e-05,0.0009696483612060547,0.024824142456054688
224,0.004608869552612305,0.0002448558807373047,0.08344745635986328,0.0021986961364746094,0.01440286636352539,0.0012249946594238281,4.076957702636719e-05,0.00016069412231445312,0.018029451370239258,4.673004150390625e-05,0.0009295940399169922,0.024136066436767578
225,0.004266977310180664,0.0002567768096923828,0.08344745635986328,0.0020923614501953125,0.014428853988647461,0.0011751651763916016,7.963180541992188e-05,0.00014448165893554688,0.01792120933532715,5.125999450683594e-05,0.0008878707885742188,0.023621320724487305
226,0.0042722225189208984,0.0003039836883544922,0.08344745635986328,0.0022792816162109375,0.014524221420288086,0.0011975765228271484,4.6253204345703125e-05,0.0001723766326904297,0.01822066307067871,4.553794860839844e-05,0.0009005069732666016,0.024024248123168945
227,0.004346609115600586,0.00025463104248046875,0.08344745635986328,0.002222776412963867,0.014486074447631836,0.0011720657348632812,4.5299530029296875e-05,0.000148773193359375,0.018076181411743164,4.76837158203125e-05,0.0015621185302734375,0.02455282211303711
228,0.004557371139526367,0.00024962425231933594,0.08344745635986328,0.0021522045135498047,0.014402389526367188,0.0011966228485107422,3.409385681152344e-05,0.00015091896057128906,0.017937183380126953,4.4345855712890625e-05,0.0009887218475341797,0.024028539657592773
229,0.0038323402404785156,0.0002605915069580078,0.08344745635986328,0.002084016799926758,0.014467477798461914,0.0011913776397705078,4.601478576660156e-05,0.00014853477478027344,0.017939090728759766,4.458427429199219e-05,0.0012831687927246094,0.023615598678588867
230,0.00439143180847168,0.0003085136413574219,0.08344745635986328,0.002267122268676758,0.014401912689208984,0.0012011528015136719,3.8623809814453125e-05,0.00016450881958007812,0.018074512481689453,4.863739013671875e-05,0.0008947849273681641,0.02399444580078125
231,0.004400968551635742,0.00028061866760253906,0.08344745635986328,0.0022079944610595703,0.014562129974365234,0.0011551380157470703,4.076957702636719e-05,0.0001647472381591797,0.018131494522094727,4.4345855712890625e-05,0.0009667873382568359,0.024076223373413086
232,0.0044727325439453125,0.0002219676971435547,0.08344745635986328,0.002207040786743164,0.014447689056396484,0.0011975765228271484,3.9577484130859375e-05,0.0001513957977294922,0.018044471740722656,4.5299530029296875e-05,0.0009603500366210938,0.023988723754882812
233,0.0038466453552246094,0.0001819133758544922,0.08344745635986328,0.0019335746765136719,0.014495134353637695,0.001207590103149414,4.1484832763671875e-05,0.00015783309936523438,0.017836570739746094,5.3882598876953125e-05,0.0008969306945800781,0.023093223571777344
234,0.004476785659790039,0.0002620220184326172,0.08344745635986328,0.002474069595336914,0.015137910842895508,0.0011820793151855469,4.673004150390625e-05,0.00014829635620117188,0.018990755081176758,5.364418029785156e-05,0.0009551048278808594,0.0250091552734375
235,0.003604412078857422,0.0001957416534423828,0.08344745635986328,0.0022156238555908203,0.01692938804626465,0.0011532306671142578,4.601478576660156e-05,0.00016736984252929688,0.020512819290161133,6.389617919921875e-05,0.0009922981262207031,0.025626182556152344
236,0.004331827163696289,0.0002110004425048828,0.08344745635986328,0.0022563934326171875,0.014503955841064453,0.0011737346649169922,4.601478576660156e-05,0.00014734268188476562,0.018128633499145508,5.507469177246094e-05,0.0009164810180664062,0.023890018463134766
237,0.004036426544189453,0.00020170211791992188,0.08344745635986328,0.0019335746765136719,0.014419317245483398,0.0011601448059082031,4.649162292480469e-05,0.00014543533325195312,0.01770615577697754,4.553794860839844e-05,0.0008873939514160156,0.023114442825317383
238,0.004319667816162109,0.00029921531677246094,0.08344745635986328,0.002267122268676758,0.014583349227905273,0.0011360645294189453,4.2438507080078125e-05,0.00014257431030273438,0.018172502517700195,5.602836608886719e-05,0.0009429454803466797,0.024064064025878906
239,0.004396915435791016,0.0003063678741455078,0.08344745635986328,0.0021550655364990234,0.014440059661865234,0.001188516616821289,4.0531158447265625e-05,0.00017023086547851562,0.017995119094848633,4.863739013671875e-05,0.0009605884552001953,0.023961305618286133
240,0.0046498775482177734,0.0001862049102783203,0.08344745635986328,0.002145051956176758,0.01456141471862793,0.0011944770812988281,3.9577484130859375e-05,0.00015306472778320312,0.018095016479492188,5.555152893066406e-05,0.0009217262268066406,0.02418065071105957
241,0.0037724971771240234,0.00022912025451660156,0.08344745635986328,0.0023238658905029297,0.014503717422485352,0.0011889934539794922,4.00543212890625e-05,0.00015687942504882812,0.01821446418762207,4.57763671875e-05,0.0014095306396484375,0.023915767669677734
242,0.00438690185546875,0.00022864341735839844,0.08344745635986328,0.0019712448120117188,0.014526128768920898,0.0012040138244628906,3.6716461181640625e-05,0.0001537799835205078,0.017893552780151367,5.078315734863281e-05,0.0008456707000732422,0.02366495132446289
243,0.00414729118347168,0.00025343894958496094,0.08344745635986328,0.0021104812622070312,0.014440774917602539,0.001333475112915039,4.124641418457031e-05,0.00014662742614746094,0.018073320388793945,4.982948303222656e-05,0.0009419918060302734,0.023726940155029297
244,0.004357099533081055,0.0002052783966064453,0.08344745635986328,0.0022635459899902344,0.014491558074951172,0.0011894702911376953,4.124641418457031e-05,0.00015735626220703125,0.01814413070678711,4.839897155761719e-05,0.0009043216705322266,0.023929357528686523
245,0.004353046417236328,0.0002713203430175781,0.08344745635986328,0.002365589141845703,0.014660358428955078,0.0012094974517822266,3.504753112792969e-05,0.0001506805419921875,0.01842212677001953,4.839897155761719e-05,0.0008442401885986328,0.02418994903564453
246,0.004506587982177734,0.0003063678741455078,0.08344745635986328,0.002128124237060547,0.015175342559814453,0.0011816024780273438,4.315376281738281e-05,0.0001423358917236328,0.018671274185180664,5.0067901611328125e-05,0.0008575916290283203,0.024656057357788086
247,0.004208564758300781,0.00025963783264160156,0.08344745635986328,0.0021991729736328125,0.014436721801757812,0.0012052059173583984,3.933906555175781e-05,0.0001506805419921875,0.018032073974609375,4.4345855712890625e-05,0.0008983612060546875,0.02369523048400879
248,0.004293680191040039,0.00023508071899414062,0.08344745635986328,0.002405881881713867,0.014601469039916992,0.0011894702911376953,4.220008850097656e-05,0.0001704692840576172,0.01840996742248535,4.5299530029296875e-05,0.0008451938629150391,0.0240933895111084
249,0.003774881362915039,0.0002162456512451172,0.08344745635986328,0.002145051956176758,0.01460719108581543,0.0011882781982421875,4.863739013671875e-05,0.00014734268188476562,0.018137693405151367,4.5299530029296875e-05,0.0008504390716552734,0.023261308670043945
250,0.004817485809326172,0.0002605915069580078,0.08344745635986328,0.002590656280517578,0.02033066749572754,0.0011785030364990234,4.506111145019531e-05,0.0001506805419921875,0.02429676055908203,4.863739013671875e-05,0.0008487701416015625,0.03051471710205078
251,0.0036764144897460938,0.0003230571746826172,0.08344745635986328,0.0023512840270996094,0.017710447311401367,0.0011701583862304688,4.1484832763671875e-05,0.00014090538024902344,0.02141594886779785,5.054473876953125e-05,0.0009486675262451172,0.02665543556213379
252,0.004467964172363281,0.0002789497375488281,0.08344745635986328,0.002675294876098633,0.020206928253173828,0.0011997222900390625,4.220008850097656e-05,0.00014662742614746094,0.02427196502685547,5.078315734863281e-05,0.0009527206420898438,0.03027939796447754
253,0.003972291946411133,0.000217437744140625,0.08344745635986328,0.0020051002502441406,0.019966840744018555,0.000972747802734375,7.152557373046875e-05,0.0002722740173339844,0.023290157318115234,7.343292236328125e-05,0.0014851093292236328,0.029422760009765625
254,0.004703044891357422,0.00025200843811035156,0.08344745635986328,0.0022466182708740234,0.01491999626159668,0.0011949539184570312,4.9114227294921875e-05,0.00016307830810546875,0.01857590675354004,5.14984130859375e-05,0.0009388923645019531,0.024773359298706055
255,0.0044591426849365234,0.00023674964904785156,0.08344745635986328,0.0021123886108398438,0.014491796493530273,0.0011854171752929688,5.0067901611328125e-05,0.0001652240753173828,0.0180056095123291,5.173683166503906e-05,0.0010597705841064453,0.024065017700195312
256,0.004511594772338867,0.00023698806762695312,0.08344745635986328,0.0022346973419189453,0.014480829238891602,0.0012121200561523438,3.62396240234375e-05,0.00015234947204589844,0.018117666244506836,5.221366882324219e-05,0.0010263919830322266,0.024216175079345703
257,0.003570556640625,0.0002105236053466797,0.08344745635986328,0.0019068717956542969,0.01970195770263672,0.0011785030364990234,4.1484832763671875e-05,0.00014925003051757812,0.022979259490966797,5.2928924560546875e-05,0.00096893310546875,0.028064489364624023
258,0.004434108734130859,0.00030541419982910156,0.08344745635986328,0.002444028854370117,0.015284538269042969,0.0011744499206542969,4.649162292480469e-05,0.00015163421630859375,0.019101858139038086,4.863739013671875e-05,0.0009484291076660156,0.025081634521484375
259,0.0048787593841552734,0.00022530555725097656,0.08344745635986328,0.0021517276763916016,0.01508021354675293,0.0011487007141113281,4.5299530029296875e-05,0.0002040863037109375,0.0186312198638916,5.054473876953125e-05,0.0010199546813964844,0.02515387535095215
260,0.004460573196411133,0.0002484321594238281,0.08344745635986328,0.0021562576293945312,0.015198707580566406,0.0011737346649169922,5.269050598144531e-05,0.00015926361083984375,0.018741369247436523,4.887580871582031e-05,0.0010154247283935547,0.02478194236755371
261,0.0036399364471435547,0.00020432472229003906,0.08344745635986328,0.0021905899047851562,0.016260147094726562,0.0011832714080810547,4.220008850097656e-05,0.0001556873321533203,0.019832372665405273,4.696846008300781e-05,0.001035928726196289,0.025068044662475586
262,0.004576683044433594,0.0002346038818359375,0.08344745635986328,0.002183198928833008,0.015305280685424805,0.001146554946899414,4.3392181396484375e-05,0.0001442432403564453,0.018823862075805664,4.982948303222656e-05,0.0009555816650390625,0.02489018440246582
263,0.003438711166381836,0.0001995563507080078,0.08344745635986328,0.002068042755126953,0.014948368072509766,0.0011744499206542969,4.3392181396484375e-05,0.00014352798461914062,0.018378734588623047,4.887580871582031e-05,0.0009844303131103516,0.023296356201171875
264,0.004514217376708984,0.0001780986785888672,0.08344745635986328,0.0021317005157470703,0.014367818832397461,0.0011868476867675781,4.00543212890625e-05,0.00014853477478027344,0.017876625061035156,4.673004150390625e-05,0.0009400844573974609,0.023818254470825195
265,0.00449681282043457,0.00024008750915527344,0.08344745635986328,0.002268075942993164,0.014549970626831055,0.0011858940124511719,4.8160552978515625e-05,0.00014090538024902344,0.01819443702697754,4.649162292480469e-05,0.0013086795806884766,0.02452397346496582
266,0.004626750946044922,0.0002636909484863281,0.08344745635986328,0.0021140575408935547,0.014419794082641602,0.0012402534484863281,4.5299530029296875e-05,0.00017333030700683594,0.017993450164794922,5.125999450683594e-05,0.0009000301361083984,0.024093151092529297
267,0.003387451171875,0.0002105236053466797,0.08344745635986328,0.001984119415283203,0.014584779739379883,0.0012011528015136719,4.0531158447265625e-05,0.00014853477478027344,0.017960071563720703,4.6253204345703125e-05,0.0009686946868896484,0.02281975746154785
268,0.004469633102416992,0.0002129077911376953,0.08344745635986328,0.0021572113037109375,0.014467477798461914,0.0011942386627197266,4.220008850097656e-05,0.0001595020294189453,0.018021583557128906,4.696846008300781e-05,0.0009076595306396484,0.023902416229248047
269,0.004542350769042969,0.00026988983154296875,0.08344745635986328,0.002223491668701172,0.014507293701171875,0.001188516616821289,3.886222839355469e-05,0.00017690658569335938,0.018136262893676758,4.839897155761719e-05,0.0008714199066162109,0.024138450622558594
270,0.004662513732910156,0.0002727508544921875,0.08344745635986328,0.002246379852294922,0.01462101936340332,0.0011832714080810547,3.6716461181640625e-05,0.00015401840209960938,0.018242597579956055,4.744529724121094e-05,0.0009260177612304688,0.0244290828704834
271,0.00379180908203125,0.0002231597900390625,0.08344745635986328,0.002202749252319336,0.015174150466918945,0.0011768341064453125,4.410743713378906e-05,0.000141143798828125,0.018740415573120117,4.553794860839844e-05,0.0009617805480957031,0.02400517463684082
272,0.0044100284576416016,0.00019931793212890625,0.08344745635986328,0.0023508071899414062,0.01727294921875,0.0011909008026123047,4.57763671875e-05,0.0001518726348876953,0.021013498306274414,4.458427429199219e-05,0.0009598731994628906,0.02685546875
273,0.00436091423034668,0.00029587745666503906,0.08344745635986328,0.0021877288818359375,0.019635677337646484,0.0011734962463378906,4.1961669921875e-05,0.0001533031463623047,0.023193359375,4.7206878662109375e-05,0.0009133815765380859,0.029047012329101562
274,0.004775285720825195,0.00023245811462402344,0.08344745635986328,0.0021233558654785156,0.01788806915283203,0.0011925697326660156,3.790855407714844e-05,0.0001704692840576172,0.02141404151916504,4.9114227294921875e-05,0.0008978843688964844,0.027643442153930664
275,0.0035796165466308594,0.0002262592315673828,0.08344745635986328,0.002186298370361328,0.015200138092041016,0.0011992454528808594,4.315376281738281e-05,0.00014972686767578125,0.018779993057250977,5.53131103515625e-05,0.001062154769897461,0.023950576782226562
276,0.004806995391845703,0.00027871131896972656,0.08344745635986328,0.002296924591064453,0.014886617660522461,0.0011477470397949219,4.220008850097656e-05,0.00014400482177734375,0.018518447875976562,5.054473876953125e-05,0.0009417533874511719,0.024907350540161133
277,0.004572629928588867,0.00022363662719726562,0.08344745635986328,0.002145528793334961,0.014782428741455078,0.0011868476867675781,3.504753112792969e-05,0.0001571178436279297,0.01830768585205078,4.887580871582031e-05,0.0013933181762695312,0.024793386459350586
278,0.004765510559082031,0.0002810955047607422,0.08344745635986328,0.0023250579833984375,0.014867305755615234,0.00118255615234375,4.1484832763671875e-05,0.00015401840209960938,0.018571853637695312,5.2928924560546875e-05,0.0009186267852783203,0.02485179901123047
279,0.0038552284240722656,0.00030541419982910156,0.08344745635986328,0.0022513866424560547,0.015504837036132812,0.001186370849609375,4.2438507080078125e-05,0.0001659393310546875,0.019152164459228516,4.363059997558594e-05,0.0009272098541259766,0.024538755416870117
280,0.004419088363647461,0.0003151893615722656,0.08344745635986328,0.0028352737426757812,0.023182392120361328,0.0019524097442626953,6.937980651855469e-05,0.0005824565887451172,0.028622865676879883,6.246566772460938e-05,0.0024330615997314453,0.03634953498840332
281,0.012103080749511719,0.0005137920379638672,0.08344745635986328,0.017086267471313477,0.03679251670837402,0.001127481460571289,5.078315734863281e-05,0.00017976760864257812,0.05524134635925293,6.532669067382812e-05,0.0012001991271972656,0.0694434642791748
282,0.005095243453979492,0.0002624988555908203,0.08413434028625488,0.03696322441101074,0.014508962631225586,0.0011448860168457031,4.38690185546875e-05,0.00013589859008789062,0.052797794342041016,5.125999450683594e-05,0.0009021759033203125,0.05936861038208008
283,0.0032863616943359375,0.0001800060272216797,0.08413434028625488,0.022556781768798828,0.015247821807861328,0.0011360645294189453,4.291534423828125e-05,0.00013971328735351562,0.039124250411987305,5.221366882324219e-05,0.0009469985961914062,0.04384970664978027
284,0.0040132999420166016,0.0001888275146484375,0.08413434028625488,0.018860340118408203,0.01790165901184082,0.0011875629425048828,4.291534423828125e-05,0.00015783309936523438,0.03815174102783203,5.14984130859375e-05,0.0009217262268066406,0.0435786247253418
285,0.003966808319091797,0.00022745132446289062,0.08413434028625488,0.02028489112854004,0.015522480010986328,0.0011086463928222656,4.267692565917969e-05,0.00014829635620117188,0.03710770606994629,5.078315734863281e-05,0.0009131431579589844,0.042508602142333984
286,0.004012584686279297,0.0002593994140625,0.08413434028625488,0.017672300338745117,0.017831802368164062,0.0011475086212158203,4.1484832763671875e-05,0.000152587890625,0.03684663772583008,5.1975250244140625e-05,0.0009076595306396484,0.04233384132385254
287,0.006354570388793945,0.00018310546875,0.08413434028625488,0.013084650039672852,0.020565271377563477,0.0011470317840576172,4.2438507080078125e-05,0.00015211105346679688,0.03499245643615723,5.5789947509765625e-05,0.0009577274322509766,0.04279279708862305
288,0.005593299865722656,0.0001862049102783203,0.08413434028625488,0.018975496292114258,0.015378236770629883,0.0011663436889648438,6.008148193359375e-05,0.00015401840209960938,0.035735368728637695,5.3882598876953125e-05,0.0009214878082275391,0.04276275634765625
289,0.004373073577880859,0.0002536773681640625,0.08413434028625488,0.015526056289672852,0.02640247344970703,0.0009551048278808594,6.723403930664062e-05,0.0002713203430175781,0.04322361946105957,9.202957153320312e-05,0.002021312713623047,0.05033445358276367
290,0.0037758350372314453,0.0002810955047607422,0.08413434028625488,0.012517452239990234,0.02159571647644043,0.0011889934539794922,4.100799560546875e-05,0.00015997886657714844,0.03550410270690918,6.175041198730469e-05,0.0009357929229736328,0.040816307067871094
291,0.0037446022033691406,0.00020694732666015625,0.08413434028625488,0.0021326541900634766,0.01513361930847168,0.0011646747589111328,4.38690185546875e-05,0.0001533031463623047,0.01862931251525879,5.245208740234375e-05,0.0009593963623046875,0.023844003677368164
292,0.005141258239746094,0.0002989768981933594,0.08413434028625488,0.0024721622467041016,0.02079463005065918,0.0009829998016357422,6.556510925292969e-05,0.0002715587615966797,0.024588823318481445,7.724761962890625e-05,0.0013687610626220703,0.031867265701293945
293,0.006376743316650391,0.0003609657287597656,0.08413434028625488,0.0025510787963867188,0.018588781356811523,0.0011715888977050781,4.291534423828125e-05,0.00018286705017089844,0.02253890037536621,4.744529724121094e-05,0.0009751319885253906,0.03055715560913086
294,0.004656553268432617,0.0002276897430419922,0.08413434028625488,0.002213001251220703,0.015251398086547852,0.0011844635009765625,4.267692565917969e-05,0.00017261505126953125,0.018865108489990234,4.57763671875e-05,0.0009109973907470703,0.024963855743408203
295,0.004163265228271484,0.0002503395080566406,0.08413434028625488,0.0020949840545654297,0.01446533203125,0.0012607574462890625,5.125999450683594e-05,0.00014710426330566406,0.0180206298828125,8.273124694824219e-05,0.000965118408203125,0.02375626564025879
296,0.00472712516784668,0.0002396106719970703,0.08413434028625488,0.002066373825073242,0.014528512954711914,0.0012443065643310547,5.364418029785156e-05,0.0001876354217529297,0.0180816650390625,4.482269287109375e-05,0.0009360313415527344,0.024271488189697266
297,0.0045795440673828125,0.00024247169494628906,0.08413434028625488,0.0021810531616210938,0.014529943466186523,0.0011913776397705078,7.2479248046875e-05,0.0001475811004638672,0.018123626708984375,4.649162292480469e-05,0.0009479522705078125,0.024213552474975586
298,0.0043354034423828125,0.00030732154846191406,0.08413434028625488,0.002201080322265625,0.014513254165649414,0.0011916160583496094,4.696846008300781e-05,0.0001533031463623047,0.01810741424560547,4.506111145019531e-05,0.0008907318115234375,0.023935794830322266
299,0.003732919692993164,0.0002593994140625,0.08413434028625488,0.002072572708129883,0.015125513076782227,0.0011794567108154297,4.57763671875e-05,0.0001399517059326172,0.018564462661743164,4.863739013671875e-05,0.0009534358978271484,0.023827075958251953
300,0.004643440246582031,0.00022530555725097656,0.08413434028625488,0.002232789993286133,0.014435052871704102,0.001184701919555664,3.886222839355469e-05,0.0001456737518310547,0.018038511276245117,4.792213439941406e-05,0.0009179115295410156,0.02412128448486328
301,0.0043032169342041016,0.0002536773681640625,0.08413434028625488,0.002038717269897461,0.014476776123046875,0.0011851787567138672,3.647804260253906e-05,0.00016570091247558594,0.017903804779052734,4.315376281738281e-05,0.0012485980987548828,0.024020671844482422
302,0.004545927047729492,0.00028133392333984375,0.08413434028625488,0.0020487308502197266,0.014437437057495117,0.0011799335479736328,4.100799560546875e-05,0.00014400482177734375,0.0178530216217041,4.744529724121094e-05,0.0008816719055175781,0.023847579956054688
303,0.00417327880859375,0.000225067138671875,0.08413434028625488,0.002038240432739258,0.014440536499023438,0.0011823177337646484,4.863739013671875e-05,0.00014925003051757812,0.01786041259765625,5.1975250244140625e-05,0.0009257793426513672,0.02349996566772461
304,0.004675865173339844,0.0002346038818359375,0.08413434028625488,0.002215147018432617,0.014628171920776367,0.0011856555938720703,4.0531158447265625e-05,0.00017213821411132812,0.01824212074279785,4.8160552978515625e-05,0.0008819103240966797,0.024356603622436523
305,0.0040547847747802734,0.0003006458282470703,0.08413434028625488,0.002330780029296875,0.014762401580810547,0.0011420249938964844,4.458427429199219e-05,0.00015091896057128906,0.01843118667602539,5.4836273193359375e-05,0.0010559558868408203,0.0241696834564209
306,0.003962278366088867,0.00023865699768066406,0.08413434028625488,0.002181529998779297,0.014526605606079102,0.0011913776397705078,4.57763671875e-05,0.0001575946807861328,0.018104076385498047,5.173683166503906e-05,0.0009148120880126953,0.023551464080810547
307,0.0038247108459472656,0.00021648406982421875,0.08413434028625488,0.0019626617431640625,0.014454364776611328,0.0011937618255615234,4.267692565917969e-05,0.0001380443572998047,0.017792701721191406,5.1975250244140625e-05,0.0009827613830566406,0.02316570281982422
308,0.0050754547119140625,0.00026702880859375,0.08413434028625488,0.002233266830444336,0.015092611312866211,0.0011959075927734375,4.458427429199219e-05,0.00015091896057128906,0.018718481063842773,4.935264587402344e-05,0.0009233951568603516,0.025278329849243164
309,0.005010366439819336,0.0002770423889160156,0.08413434028625488,0.00203704833984375,0.02123546600341797,0.0009753704071044922,6.937980651855469e-05,0.00026535987854003906,0.024584054946899414,7.271766662597656e-05,0.0014681816101074219,0.03179740905761719
310,0.004395961761474609,0.00019621849060058594,0.08413434028625488,0.0021255016326904297,0.014572381973266602,0.0012125968933105469,4.76837158203125e-05,0.0001590251922607422,0.018119096755981445,5.125999450683594e-05,0.0009257793426513672,0.023967504501342773
311,0.0035490989685058594,0.00028228759765625,0.08413434028625488,0.0021555423736572266,0.01793527603149414,0.0011620521545410156,3.7670135498046875e-05,0.0001475811004638672,0.021439552307128906,5.173683166503906e-05,0.0008909702301025391,0.026454687118530273
312,0.004681587219238281,0.00027060508728027344,0.08413434028625488,0.002165079116821289,0.014406919479370117,0.0011861324310302734,4.696846008300781e-05,0.00014734268188476562,0.017953157424926758,5.054473876953125e-05,0.0008873939514160156,0.024092435836791992
313,0.004437446594238281,0.0002713203430175781,0.08413434028625488,0.002186298370361328,0.014571905136108398,0.0011992454528808594,4.5299530029296875e-05,0.00016927719116210938,0.018172740936279297,4.4345855712890625e-05,0.00133514404296875,0.024521827697753906
314,0.004782199859619141,0.0002961158752441406,0.08413434028625488,0.0023145675659179688,0.01454782485961914,0.0011789798736572266,4.506111145019531e-05,0.00015044212341308594,0.018237590789794922,4.673004150390625e-05,0.0008790493011474609,0.02448725700378418
315,0.0036478042602539062,0.0002269744873046875,0.08413434028625488,0.002039670944213867,0.015099525451660156,0.0012102127075195312,4.0531158447265625e-05,0.00015020370483398438,0.01854109764099121,4.744529724121094e-05,0.0009074211120605469,0.02361893653869629
316,0.0045604705810546875,0.00024962425231933594,0.08413434028625488,0.002171039581298828,0.021614551544189453,0.0011632442474365234,3.719329833984375e-05,0.00014901161193847656,0.025136232376098633,4.863739013671875e-05,0.0009210109710693359,0.03116321563720703
317,0.004660367965698242,0.00024318695068359375,0.08413434028625488,0.0021626949310302734,0.02154541015625,0.0012083053588867188,5.173683166503906e-05,0.00014853477478027344,0.02511739730834961,4.5299530029296875e-05,0.0010097026824951172,0.0313265323638916
318,0.00462031364440918,0.0002627372741699219,0.08413434028625488,0.0021910667419433594,0.015001773834228516,0.0011851787567138672,4.458427429199219e-05,0.0001404285430908203,0.018563508987426758,5.316734313964844e-05,0.0008668899536132812,0.024627685546875
319,0.0038847923278808594,0.00021457672119140625,0.08413434028625488,0.002165079116821289,0.014953136444091797,0.0011818408966064453,4.0531158447265625e-05,0.00014925003051757812,0.018491744995117188,4.696846008300781e-05,0.0008945465087890625,0.023789644241333008
320,0.004611492156982422,0.0002608299255371094,0.08413434028625488,0.002156496047973633,0.01791214942932129,0.0011720657348632812,3.647804260253906e-05,0.00015664100646972656,0.021434783935546875,4.4345855712890625e-05,0.0009372234344482422,0.027550220489501953
321,0.00453639030456543,0.00026535987854003906,0.08413434028625488,0.002259969711303711,0.015802860260009766,0.001165628433227539,3.719329833984375e-05,0.00014901161193847656,0.019415616989135742,5.173683166503906e-05,0.0011305809020996094,0.025699853897094727
322,0.004193544387817383,0.0003204345703125,0.08413434028625488,0.002223968505859375,0.0182342529296875,0.0011839866638183594,4.1484832763671875e-05,0.0001347064971923828,0.021819591522216797,4.9114227294921875e-05,0.0009219646453857422,0.02754688262939453
323,0.003875732421875,0.00020933151245117188,0.08413434028625488,0.00205230712890625,0.014957666397094727,0.0011894702911376953,4.482269287109375e-05,0.0001423358917236328,0.018388032913208008,4.9114227294921875e-05,0.0009002685546875,0.023701906204223633
324,0.004544496536254883,0.000362396240234375,0.08413434028625488,0.002335071563720703,0.015078306198120117,0.0011858940124511719,4.0531158447265625e-05,0.00016379356384277344,0.018804311752319336,4.76837158203125e-05,0.0008909702301025391,0.02492976188659668
325,0.0043392181396484375,0.000232696533203125,0.08413434028625488,0.002307415008544922,0.0175933837890625,0.0011870861053466797,4.267692565917969e-05,0.00016164779663085938,0.02129340171813965,5.125999450683594e-05,0.0014233589172363281,0.02759718894958496
326,0.004620552062988281,0.00024056434631347656,0.08413434028625488,0.0020275115966796875,0.01598334312438965,0.0011866092681884766,4.410743713378906e-05,0.0001735687255859375,0.019416093826293945,5.173683166503906e-05,0.0009450912475585938,0.025531291961669922
327,0.00397944450378418,0.0002231597900390625,0.08413434028625488,0.002028226852416992,0.015028715133666992,0.0012001991271972656,4.744529724121094e-05,0.0001480579376220703,0.01845407485961914,5.14984130859375e-05,0.0014789104461669922,0.02443695068359375
328,0.004590034484863281,0.0002598762512207031,0.08413434028625488,0.002080678939819336,0.014474153518676758,0.001188516616821289,4.172325134277344e-05,0.00016307830810546875,0.017949342727661133,4.482269287109375e-05,0.0010673999786376953,0.02416205406188965
329,0.004407167434692383,0.00024271011352539062,0.08413434028625488,0.0021219253540039062,0.014476537704467773,0.001194000244140625,4.1484832763671875e-05,0.00016307830810546875,0.017998456954956055,5.269050598144531e-05,0.0010440349578857422,0.024000167846679688
330,0.004610538482666016,0.00023984909057617188,0.08413434028625488,0.002215147018432617,0.014586448669433594,0.001176595687866211,4.506111145019531e-05,0.0001461505889892578,0.018170833587646484,5.0067901611328125e-05,0.0009462833404541016,0.024288177490234375
331,0.004276752471923828,0.0002522468566894531,0.08413434028625488,0.002114534378051758,0.01483154296875,0.0011370182037353516,3.9577484130859375e-05,0.0001652240753173828,0.01828908920288086,5.316734313964844e-05,0.0009608268737792969,0.02409529685974121
332,0.004597902297973633,0.0002772808074951172,0.08413434028625488,0.0023064613342285156,0.015193462371826172,0.0011894702911376953,4.673004150390625e-05,0.0001480579376220703,0.018885374069213867,5.2928924560546875e-05,0.0010182857513427734,0.02510857582092285
333,0.004509925842285156,0.0002300739288330078,0.08413434028625488,0.002272367477416992,0.014961481094360352,0.0011904239654541016,4.649162292480469e-05,0.00015020370483398438,0.01862168312072754,4.792213439941406e-05,0.0009675025939941406,0.02464890480041504
334,0.003705739974975586,0.0002722740173339844,0.08413434028625488,0.002273082733154297,0.01812577247619629,0.0011639595031738281,4.1961669921875e-05,0.00014400482177734375,0.021750211715698242,5.14984130859375e-05,0.0010793209075927734,0.027113914489746094
335,0.0047457218170166016,0.0002410411834716797,0.08413434028625488,0.002280712127685547,0.01761603355407715,0.0012044906616210938,3.528594970703125e-05,0.00014853477478027344,0.0212857723236084,5.602836608886719e-05,0.0009336471557617188,0.027520418167114258
336,0.00456690788269043,0.00029087066650390625,0.08413434028625488,0.0021314620971679688,0.016946077346801758,0.0011937618255615234,4.553794860839844e-05,0.0001404285430908203,0.020458221435546875,4.553794860839844e-05,0.0009665489196777344,0.026575088500976562
337,0.004517555236816406,0.00024175643920898438,0.08413434028625488,0.002213716506958008,0.01981377601623535,0.0010237693786621094,4.315376281738281e-05,0.00015664100646972656,0.023252487182617188,7.343292236328125e-05,0.0014219284057617188,0.029796600341796875
338,0.004559040069580078,0.0002486705780029297,0.08413434028625488,0.002167940139770508,0.019381284713745117,0.0011630058288574219,4.267692565917969e-05,0.0001480579376220703,0.022903919219970703,4.839897155761719e-05,0.0009560585021972656,0.0289914608001709
339,0.004593610763549805,0.0002846717834472656,0.08413434028625488,0.0022568702697753906,0.019353866577148438,0.0009715557098388672,6.508827209472656e-05,0.00034427642822265625,0.02299332618713379,5.125999450683594e-05,0.0009744167327880859,0.0291898250579834
340,0.0043430328369140625,0.0003235340118408203,0.08413434028625488,0.002303600311279297,0.014734029769897461,0.0011844635009765625,4.839897155761719e-05,0.00015020370483398438,0.018421173095703125,5.078315734863281e-05,0.0009167194366455078,0.024312496185302734
341,0.004469633102416992,0.0002503395080566406,0.08413434028625488,0.002141714096069336,0.014536857604980469,0.0011866092681884766,4.172325134277344e-05,0.00017189979553222656,0.018079757690429688,5.173683166503906e-05,0.0009508132934570312,0.024088382720947266
342,0.004605531692504883,0.00024175643920898438,0.08413434028625488,0.0021648406982421875,0.014809608459472656,0.001184225082397461,4.482269287109375e-05,0.0001544952392578125,0.01835942268371582,5.316734313964844e-05,0.0009100437164306641,0.024442195892333984
343,0.004262208938598633,0.0002465248107910156,0.08413434028625488,0.0021979808807373047,0.014589786529541016,0.0011785030364990234,4.076957702636719e-05,0.00014209747314453125,0.01815032958984375,4.6253204345703125e-05,0.0008704662322998047,0.02383136749267578
344,0.004452943801879883,0.0003006458282470703,0.08413434028625488,0.0022280216217041016,0.015172004699707031,0.001196146011352539,4.0531158447265625e-05,0.00016260147094726562,0.01880025863647461,5.030632019042969e-05,0.0009329319000244141,0.024790287017822266
345,0.00465703010559082,0.000255584716796875,0.08413434028625488,0.002225637435913086,0.017857074737548828,0.001154184341430664,4.744529724121094e-05,0.00014972686767578125,0.021434783935546875,5.078315734863281e-05,0.0009746551513671875,0.027640819549560547
346,0.0045623779296875,0.00023436546325683594,0.08413434028625488,0.002124309539794922,0.01511836051940918,0.0011806488037109375,4.839897155761719e-05,0.00015020370483398438,0.01862311363220215,4.506111145019531e-05,0.0009171962738037109,0.024624347686767578
347,0.00433349609375,0.0002892017364501953,0.08413434028625488,0.002099752426147461,0.0193326473236084,0.0011937618255615234,4.1484832763671875e-05,0.00015592575073242188,0.022824525833129883,5.435943603515625e-05,0.0009565353393554688,0.028715848922729492
348,0.004686117172241211,0.00026869773864746094,0.08413434028625488,0.0020678043365478516,0.014420270919799805,0.0011682510375976562,4.696846008300781e-05,0.00015091896057128906,0.017855167388916016,4.744529724121094e-05,0.0009217262268066406,0.024050474166870117
349,0.004290342330932617,0.0003116130828857422,0.08413434028625488,0.0025658607482910156,0.01821303367614746,0.0011858940124511719,3.8623809814453125e-05,0.0001418590545654297,0.02214646339416504,4.982948303222656e-05,0.0014722347259521484,0.028505325317382812
350,0.004577159881591797,0.0003123283386230469,0.08413434028625488,0.0029554367065429688,0.0228879451751709,0.0019311904907226562,0.00014710426330566406,0.0005652904510498047,0.0284879207611084,6.461143493652344e-05,0.002496957778930664,0.03635287284851074
351,0.01444864273071289,0.0005443096160888672,0.08413434028625488,0.0344388484954834,0.016648530960083008,0.0011408329010009766,4.863739013671875e-05,0.0001780986785888672,0.05245709419250488,6.580352783203125e-05,0.0012059211730957031,0.06903505325317383
352,0.005415201187133789,0.00021576881408691406,0.08271408081054688,0.014803409576416016,0.015413045883178711,0.0011277198791503906,5.698204040527344e-05,0.00017309188842773438,0.031575679779052734,6.031990051269531e-05,0.0010423660278320312,0.03857588768005371
353,0.004059553146362305,0.00021338462829589844,0.08271408081054688,0.013562440872192383,0.015465974807739258,0.0011348724365234375,4.57763671875e-05,0.00017023086547851562,0.030380725860595703,5.936622619628906e-05,0.0011296272277832031,0.03610420227050781
354,0.004160881042480469,0.0002765655517578125,0.08271408081054688,0.01947617530822754,0.01787853240966797,0.0011506080627441406,4.172325134277344e-05,0.0001571178436279297,0.03870511054992676,5.221366882324219e-05,0.0009443759918212891,0.04439496994018555
355,0.0038535594940185547,0.00020122528076171875,0.08271408081054688,0.016191482543945312,0.018128633499145508,0.001132965087890625,3.719329833984375e-05,0.0001399517059326172,0.03563213348388672,4.9591064453125e-05,0.0008938312530517578,0.040874481201171875
356,0.003786325454711914,0.00020384788513183594,0.08271408081054688,0.020401954650878906,0.015501737594604492,0.001100778579711914,4.4345855712890625e-05,0.0001499652862548828,0.037199974060058594,4.982948303222656e-05,0.0009491443634033203,0.04244351387023926
357,0.004316806793212891,0.00021529197692871094,0.08271408081054688,0.017380475997924805,0.015242576599121094,0.0011451244354248047,4.1484832763671875e-05,0.00015234947204589844,0.033963680267333984,4.982948303222656e-05,0.0009424686431884766,0.03974151611328125
358,0.003991842269897461,0.00021338462829589844,0.08271408081054688,0.020982980728149414,0.015519857406616211,0.0011434555053710938,5.6743621826171875e-05,0.00017309188842773438,0.037877559661865234,6.341934204101562e-05,0.0009305477142333984,0.043346405029296875
359,0.0038101673126220703,0.0001342296600341797,0.08271408081054688,0.015212774276733398,0.014949798583984375,0.001135110855102539,3.528594970703125e-05,0.0001442432403564453,0.031478166580200195,5.364418029785156e-05,0.0008993148803710938,0.03663229942321777
360,0.004729747772216797,0.00024175643920898438,0.08271408081054688,0.013504266738891602,0.020083904266357422,0.0009579658508300781,6.794929504394531e-05,0.0002720355987548828,0.03488802909851074,7.152557373046875e-05,0.0013823509216308594,0.04168510437011719
361,0.005030632019042969,0.0002224445343017578,0.08271408081054688,0.012345075607299805,0.023919105529785156,0.0009801387786865234,6.103515625e-05,0.00027298927307128906,0.037580251693725586,7.176399230957031e-05,0.0018610954284667969,0.045125722885131836
362,0.005262136459350586,0.0002593994140625,0.08271408081054688,0.002029895782470703,0.015133857727050781,0.0011925697326660156,5.054473876953125e-05,0.000156402587890625,0.018564224243164062,5.1021575927734375e-05,0.0009467601776123047,0.02533698081970215
363,0.003720998764038086,0.00027489662170410156,0.08271408081054688,0.0021767616271972656,0.015231609344482422,0.0011272430419921875,3.8623809814453125e-05,0.00013709068298339844,0.01871323585510254,5.269050598144531e-05,0.0009186267852783203,0.02393817901611328
364,0.004742860794067383,0.00026345252990722656,0.08271408081054688,0.0027341842651367188,0.02068638801574707,0.0012874603271484375,4.482269287109375e-05,0.0001461505889892578,0.02490067481994629,9.632110595703125e-05,0.0010101795196533203,0.03129696846008301
365,0.005293846130371094,0.00028514862060546875,0.08271408081054688,0.002507448196411133,0.01465606689453125,0.0011913776397705078,3.62396240234375e-05,0.0001583099365234375,0.018550395965576172,4.9591064453125e-05,0.0010862350463867188,0.02553105354309082
366,0.003895282745361328,0.00019621849060058594,0.08271408081054688,0.0023386478424072266,0.014554738998413086,0.0011882781982421875,4.2438507080078125e-05,0.0001685619354248047,0.018294095993041992,5.793571472167969e-05,0.0009558200836181641,0.023671865463256836
367,0.00417780876159668,0.00022363662719726562,0.08271408081054688,0.0021317005157470703,0.014481544494628906,0.0011763572692871094,3.719329833984375e-05,0.00015592575073242188,0.017984390258789062,4.792213439941406e-05,0.0008730888366699219,0.02356553077697754
368,0.004647493362426758,0.0002548694610595703,0.08271408081054688,0.002116680145263672,0.014522075653076172,0.0012362003326416016,4.57763671875e-05,0.00015115737915039062,0.018073081970214844,5.0067901611328125e-05,0.0008695125579833984,0.024158716201782227
369,0.004138946533203125,0.00032973289489746094,0.08271408081054688,0.0025811195373535156,0.01459050178527832,0.0011963844299316406,6.127357482910156e-05,0.00015473365783691406,0.018585205078125,4.4345855712890625e-05,0.0008940696716308594,0.024255990982055664
370,0.0045013427734375,0.0002696514129638672,0.08271408081054688,0.002271890640258789,0.014406681060791016,0.0012028217315673828,4.172325134277344e-05,0.0001518726348876953,0.018075942993164062,4.792213439941406e-05,0.0009126663208007812,0.02408456802368164
371,0.0036067962646484375,0.00023293495178222656,0.08271408081054688,0.0019085407257080078,0.014522790908813477,0.001184225082397461,4.100799560546875e-05,0.00014352798461914062,0.017801284790039062,5.14984130859375e-05,0.0009152889251708984,0.02285170555114746
372,0.004868984222412109,0.00022745132446289062,0.08271408081054688,0.0021255016326904297,0.014634847640991211,0.0011522769927978516,3.695487976074219e-05,0.00016641616821289062,0.018117189407348633,5.984306335449219e-05,0.000888824462890625,0.02450418472290039
373,0.0040798187255859375,0.00022459030151367188,0.08271408081054688,0.0026068687438964844,0.015514373779296875,0.0011713504791259766,4.363059997558594e-05,0.0001442432403564453,0.019481420516967773,4.9114227294921875e-05,0.00130462646484375,0.025376081466674805
374,0.004428386688232422,0.000270843505859375,0.08271408081054688,0.0022287368774414062,0.01461482048034668,0.001188039779663086,4.601478576660156e-05,0.000156402587890625,0.0182344913482666,4.553794860839844e-05,0.0008962154388427734,0.024111270904541016
375,0.0038957595825195312,0.00019931793212890625,0.08271408081054688,0.001984834671020508,0.014334440231323242,0.0011866092681884766,3.457069396972656e-05,0.0001392364501953125,0.017681121826171875,5.2928924560546875e-05,0.0009026527404785156,0.02297687530517578
376,0.004580259323120117,0.00024127960205078125,0.08271408081054688,0.0021598339080810547,0.014487743377685547,0.0011947154998779297,4.124641418457031e-05,0.00014400482177734375,0.018029451370239258,4.4345855712890625e-05,0.0009083747863769531,0.024039745330810547
377,0.003534078598022461,0.00022363662719726562,0.08271408081054688,0.0022983551025390625,0.014703035354614258,0.0012218952178955078,3.910064697265625e-05,0.00015687942504882812,0.018420934677124023,6.604194641113281e-05,0.0014011859893798828,0.02390575408935547
378,0.004700660705566406,0.00029587745666503906,0.08271408081054688,0.002309560775756836,0.014577150344848633,0.0012054443359375,4.3392181396484375e-05,0.0001499652862548828,0.018286466598510742,5.91278076171875e-05,0.0009579658508300781,0.024571895599365234
379,0.004709482192993164,0.00031375885009765625,0.08271408081054688,0.002488374710083008,0.014548540115356445,0.0011823177337646484,4.458427429199219e-05,0.0001583099365234375,0.01842331886291504,5.269050598144531e-05,0.0009315013885498047,0.024689912796020508
380,0.0047376155853271484,0.00024247169494628906,0.08271408081054688,0.0022513866424560547,0.014601945877075195,0.0011818408966064453,3.933906555175781e-05,0.00013971328735351562,0.018215179443359375,4.673004150390625e-05,0.0010762214660644531,0.024577617645263672
381,0.004420280456542969,0.00027251243591308594,0.08271408081054688,0.002330303192138672,0.014574289321899414,0.0011782646179199219,4.00543212890625e-05,0.00014281272888183594,0.018266916275024414,4.673004150390625e-05,0.0009791851043701172,0.024249553680419922
382,0.004410505294799805,0.0002510547637939453,0.08271408081054688,0.002215862274169922,0.014463663101196289,0.0012004375457763672,4.076957702636719e-05,0.00016736984252929688,0.01808905601501465,4.8160552978515625e-05,0.0009105205535888672,0.023967266082763672
383,0.0037827491760253906,0.0002307891845703125,0.08271408081054688,0.002473592758178711,0.014549732208251953,0.0012044906616210938,3.528594970703125e-05,0.0001556873321533203,0.01842021942138672,4.863739013671875e-05,0.0009698867797851562,0.023731708526611328
384,0.004724979400634766,0.0002307891845703125,0.08271408081054688,0.0023488998413085938,0.014455080032348633,0.0011720657348632812,4.315376281738281e-05,0.0001533031463623047,0.0181734561920166,4.8160552978515625e-05,0.000995635986328125,0.02440953254699707
385,0.0044422149658203125,0.0002593994140625,0.08271408081054688,0.002231597900390625,0.01445150375366211,0.0011894702911376953,3.933906555175781e-05,0.0001583099365234375,0.01807236671447754,4.267692565917969e-05,0.001257181167602539,0.02433323860168457
386,0.004428386688232422,0.00025081634521484375,0.08271408081054688,0.002446889877319336,0.01448678970336914,0.001199960708618164,3.933906555175781e-05,0.00016236305236816406,0.018336772918701172,4.839897155761719e-05,0.0008511543273925781,0.024164915084838867
387,0.004039764404296875,0.00026345252990722656,0.08271408081054688,0.0020771026611328125,0.014493703842163086,0.0011730194091796875,4.7206878662109375e-05,0.00014066696166992188,0.017932653427124023,4.863739013671875e-05,0.0008585453033447266,0.023391246795654297
388,0.004406929016113281,0.00023794174194335938,0.08271408081054688,0.0021514892578125,0.014500141143798828,0.0011970996856689453,4.220008850097656e-05,0.00015282630920410156,0.01804494857788086,4.8160552978515625e-05,0.0009303092956542969,0.023950576782226562
389,0.0045549869537353516,0.0002269744873046875,0.08271408081054688,0.0022749900817871094,0.01469278335571289,0.0011844635009765625,4.220008850097656e-05,0.0001392364501953125,0.018334388732910156,4.7206878662109375e-05,0.0008783340454101562,0.024290084838867188
390,0.004847526550292969,0.0002410411834716797,0.08271408081054688,0.002271413803100586,0.014619112014770508,0.0011816024780273438,4.863739013671875e-05,0.00013709068298339844,0.018259763717651367,4.9114227294921875e-05,0.0008664131164550781,0.024595022201538086
391,0.0040743350982666016,0.000347137451171875,0.08271408081054688,0.002244234085083008,0.014537811279296875,0.0012094974517822266,4.0531158447265625e-05,0.00016260147094726562,0.01819586753845215,4.458427429199219e-05,0.0008895397186279297,0.0238037109375
392,0.004636287689208984,0.00023627281188964844,0.08271408081054688,0.002130746841430664,0.01446080207824707,0.0012009143829345703,3.552436828613281e-05,0.0001544952392578125,0.017983436584472656,5.054473876953125e-05,0.0008831024169921875,0.024071216583251953
393,0.004492282867431641,0.00027060508728027344,0.08271408081054688,0.0021924972534179688,0.014434576034545898,0.0011947154998779297,4.57763671875e-05,0.00015282630920410156,0.018021821975708008,4.7206878662109375e-05,0.0009257793426513672,0.02399897575378418
394,0.00435948371887207,0.00021982192993164062,0.08271408081054688,0.002384185791015625,0.014665603637695312,0.0011973381042480469,3.457069396972656e-05,0.00015497207641601562,0.018438339233398438,4.863739013671875e-05,0.0009107589721679688,0.024250030517578125
395,0.0042536258697509766,0.00023317337036132812,0.08271408081054688,0.0021181106567382812,0.014513015747070312,0.0012192726135253906,3.9577484130859375e-05,0.00016880035400390625,0.018059730529785156,5.245208740234375e-05,0.0009670257568359375,0.023828506469726562
396,0.004593372344970703,0.00024247169494628906,0.08271408081054688,0.002154111862182617,0.01453256607055664,0.0011949539184570312,4.0531158447265625e-05,0.0001552104949951172,0.01807856559753418,4.57763671875e-05,0.0008873939514160156,0.024087190628051758
397,0.00436091423034668,0.00021266937255859375,0.08271408081054688,0.0022428035736083984,0.014830350875854492,0.0011868476867675781,3.9577484130859375e-05,0.00014829635620117188,0.018448591232299805,4.887580871582031e-05,0.0014917850494384766,0.02480459213256836
398,0.004228115081787109,0.0002989768981933594,0.08271408081054688,0.0022263526916503906,0.014443397521972656,0.0012111663818359375,5.054473876953125e-05,0.00018143653869628906,0.01811385154724121,4.8160552978515625e-05,0.0009906291961669922,0.024013757705688477
399,0.004220008850097656,0.00023436546325683594,0.08271408081054688,0.002054929733276367,0.01450967788696289,0.0012438297271728516,4.5299530029296875e-05,0.00014066696166992188,0.017995595932006836,5.1021575927734375e-05,0.0009331703186035156,0.023708343505859375
400,0.004594326019287109,0.0002803802490234375,0.08271408081054688,0.0021622180938720703,0.014613151550292969,0.0011813640594482422,4.220008850097656e-05,0.00014400482177734375,0.01814413070678711,4.982948303222656e-05,0.000978231430053711,0.024309396743774414
401,0.004656314849853516,0.00026297569274902344,0.08271408081054688,0.0021877288818359375,0.014606714248657227,0.0011746883392333984,4.38690185546875e-05,0.00014400482177734375,0.018158435821533203,4.863739013671875e-05,0.0009999275207519531,0.024394989013671875
402,0.004158973693847656,0.00027179718017578125,0.08271408081054688,0.002361774444580078,0.014519691467285156,0.0011849403381347656,4.4345855712890625e-05,0.00015354156494140625,0.0182650089263916,4.744529724121094e-05,0.0009210109710693359,0.023906707763671875
403,0.0043926239013671875,0.0002522468566894531,0.08271408081054688,0.0022161006927490234,0.014646530151367188,0.0011851787567138672,4.506111145019531e-05,0.0001552104949951172,0.018249034881591797,4.458427429199219e-05,0.0008983612060546875,0.024102449417114258
404,0.004583597183227539,0.0003368854522705078,0.08271408081054688,0.0022356510162353516,0.014566421508789062,0.0011827945709228516,4.673004150390625e-05,0.00014328956604003906,0.01817607879638672,4.38690185546875e-05,0.0008738040924072266,0.024265050888061523
405,0.004506349563598633,0.00030112266540527344,0.08271408081054688,0.0023021697998046875,0.014558553695678711,0.0011570453643798828,4.029273986816406e-05,0.00013518333435058594,0.018194198608398438,4.458427429199219e-05,0.0009179115295410156,0.02421116828918457
406,0.004282712936401367,0.0002646446228027344,0.08271408081054688,0.002286672592163086,0.01463627815246582,0.0012066364288330078,4.0531158447265625e-05,0.00014090538024902344,0.018311500549316406,4.482269287109375e-05,0.0009462833404541016,0.02410125732421875
407,0.0037429332733154297,0.00019359588623046875,0.08271408081054688,0.0022439956665039062,0.01455235481262207,0.001190185546875,3.504753112792969e-05,0.00016236305236816406,0.018184423446655273,4.8160552978515625e-05,0.0009028911590576172,0.023327112197875977
408,0.004302978515625,0.00028705596923828125,0.08271408081054688,0.0023987293243408203,0.014475822448730469,0.0012061595916748047,4.0531158447265625e-05,0.00016117095947265625,0.018283843994140625,4.506111145019531e-05,0.0008985996246337891,0.024071216583251953
409,0.0045545101165771484,0.0003046989440917969,0.08271408081054688,0.0022096633911132812,0.014399290084838867,0.0012085437774658203,7.343292236328125e-05,0.00020432472229003906,0.0180966854095459,4.792213439941406e-05,0.0014491081237792969,0.024742841720581055
410,0.003817319869995117,0.00017189979553222656,0.08271408081054688,0.0018324851989746094,0.014496564865112305,0.0011878013610839844,4.0531158447265625e-05,0.00015926361083984375,0.017717838287353516,5.269050598144531e-05,0.0009684562683105469,0.0230100154876709
411,0.003906726837158203,0.0002338886260986328,0.08271408081054688,0.0018353462219238281,0.014453411102294922,0.0012099742889404297,4.4345855712890625e-05,0.0001595020294189453,0.017703533172607422,5.3882598876953125e-05,0.0009801387786865234,0.023150920867919922
412,0.004137277603149414,0.00035881996154785156,0.08271408081054688,0.002481222152709961,0.01449441909790039,0.0012009143829345703,4.458427429199219e-05,0.0001614093780517578,0.018383502960205078,4.649162292480469e-05,0.0008976459503173828,0.024080276489257812
413,0.0042798519134521484,0.00037026405334472656,0.08271408081054688,0.002551555633544922,0.014703750610351562,0.0012121200561523438,4.553794860839844e-05,0.0001437664031982422,0.018657684326171875,8.535385131835938e-05,0.0008997917175292969,0.024544954299926758
414,0.004807949066162109,0.0002334117889404297,0.08271408081054688,0.0021479129791259766,0.014451742172241211,0.0011897087097167969,4.100799560546875e-05,0.00014281272888183594,0.0179746150970459,5.14984130859375e-05,0.0008759498596191406,0.02420806884765625
415,0.0036287307739257812,0.00026607513427734375,0.08271408081054688,0.0019652843475341797,0.014545917510986328,0.001176595687866211,4.57763671875e-05,0.00014400482177734375,0.017879009246826172,4.506111145019531e-05,0.0008761882781982422,0.022957801818847656
416,0.004489421844482422,0.0002560615539550781,0.08271408081054688,0.0021157264709472656,0.01460886001586914,0.0011954307556152344,4.863739013671875e-05,0.00015783309936523438,0.01812744140625,4.744529724121094e-05,0.0008993148803710938,0.02408766746520996
417,0.004673004150390625,0.00030422210693359375,0.08271408081054688,0.0025527477264404297,0.014743566513061523,0.0011837482452392578,4.1961669921875e-05,0.0001456737518310547,0.01866888999938965,5.435943603515625e-05,0.0009140968322753906,0.0248720645904541
418,0.005143642425537109,0.00026345252990722656,0.08271408081054688,0.0021669864654541016,0.014596223831176758,0.0012123584747314453,4.696846008300781e-05,0.00016117095947265625,0.018184423446655273,7.534027099609375e-05,0.00091552734375,0.024828672409057617
419,0.003715038299560547,0.00022339820861816406,0.08271408081054688,0.0020761489868164062,0.014653205871582031,0.0011868476867675781,4.649162292480469e-05,0.0001537799835205078,0.01811695098876953,4.5299530029296875e-05,0.0008897781372070312,0.023239850997924805
420,0.0047075748443603516,0.00028252601623535156,0.08271408081054688,0.0032231807708740234,0.024373292922973633,0.004422664642333984,4.9114227294921875e-05,0.0001850128173828125,0.03225421905517578,7.033348083496094e-05,0.002050638198852539,0.03972959518432617
421,0.011579513549804688,0.0005180835723876953,0.08271408081054688,0.014362335205078125,0.034175872802734375,0.0011396408081054688,4.6253204345703125e-05,0.0001621246337890625,0.049898624420166016,5.888938903808594e-05,0.0014865398406982422,0.06385040283203125
422,0.005278825759887695,0.00024175643920898438,0.08307218551635742,0.010065317153930664,0.015043258666992188,0.0011181831359863281,4.8160552978515625e-05,0.00014495849609375,0.026421070098876953,5.2928924560546875e-05,0.000990152359008789,0.03323078155517578
423,0.0062563419342041016,0.0002067089080810547,0.08307218551635742,0.014908313751220703,0.01551675796508789,0.0011429786682128906,5.245208740234375e-05,0.00016808509826660156,0.03178977966308594,6.127357482910156e-05,0.0011131763458251953,0.039700984954833984
424,0.0040283203125,0.0002300739288330078,0.08307218551635742,0.01733231544494629,0.0183565616607666,0.0011348724365234375,5.53131103515625e-05,0.0001819133758544922,0.03706169128417969,6.103515625e-05,0.00124359130859375,0.042897701263427734
425,0.00398707389831543,0.00016641616821289062,0.08307218551635742,0.0135040283203125,0.020238161087036133,0.0011365413665771484,3.814697265625e-05,0.00014281272888183594,0.035060882568359375,5.364418029785156e-05,0.001010894775390625,0.040534257888793945
426,0.004349708557128906,0.00016498565673828125,0.08307218551635742,0.017574310302734375,0.01780986785888672,0.0011370182037353516,3.933906555175781e-05,0.00014090538024902344,0.03670239448547363,5.245208740234375e-05,0.0009791851043701172,0.04251265525817871
427,0.0061893463134765625,0.00018525123596191406,0.08307218551635742,0.01717686653137207,0.01532292366027832,0.0011203289031982422,3.981590270996094e-05,0.00014138221740722656,0.03380274772644043,5.054473876953125e-05,0.0014874935150146484,0.04196453094482422
428,0.004404783248901367,0.00020694732666015625,0.08307218551635742,0.018944740295410156,0.017918109893798828,0.001123666763305664,5.650520324707031e-05,0.0001811981201171875,0.03822588920593262,6.103515625e-05,0.001241445541381836,0.044409990310668945
429,0.003942966461181641,0.00024318695068359375,0.08307218551635742,0.011944055557250977,0.014966726303100586,0.0011706352233886719,4.1961669921875e-05,0.0001571178436279297,0.028281450271606445,5.53131103515625e-05,0.0010440349578857422,0.033828020095825195
430,0.004789829254150391,0.00021028518676757812,0.08307218551635742,0.013308048248291016,0.014918327331542969,0.00115966796875,4.3392181396484375e-05,0.00016069412231445312,0.02959156036376953,5.340576171875e-05,0.001012563705444336,0.03591108322143555
431,0.004046916961669922,0.00024771690368652344,0.08307218551635742,0.01432657241821289,0.01480245590209961,0.0011489391326904297,4.553794860839844e-05,0.00014781951904296875,0.0304720401763916,5.412101745605469e-05,0.0009634494781494141,0.0360414981842041
432,0.004402637481689453,0.00023245811462402344,0.08307218551635742,0.0020427703857421875,0.015136241912841797,0.0011754035949707031,4.458427429199219e-05,0.00014853477478027344,0.01854848861694336,4.315376281738281e-05,0.0010237693786621094,0.0244903564453125
433,0.003815174102783203,0.00019979476928710938,0.08307218551635742,0.002119302749633789,0.01463770866394043,0.001190185546875,5.054473876953125e-05,0.00018262863159179688,0.018181800842285156,4.839897155761719e-05,0.0015959739685058594,0.024077177047729492
434,0.005011081695556641,0.00024580955505371094,0.08307218551635742,0.002259492874145508,0.016633987426757812,0.0012412071228027344,3.9577484130859375e-05,0.0001575946807861328,0.020333051681518555,6.29425048828125e-05,0.0009670257568359375,0.026896953582763672
435,0.004867076873779297,0.0002295970916748047,0.08307218551635742,0.001998424530029297,0.014495372772216797,0.0011684894561767578,4.601478576660156e-05,0.00015997886657714844,0.017868995666503906,6.818771362304688e-05,0.0010826587677001953,0.024430513381958008
436,0.0047342777252197266,0.0002524852752685547,0.08307218551635742,0.0019228458404541016,0.014456033706665039,0.001188516616821289,4.100799560546875e-05,0.00014019012451171875,0.017749786376953125,4.839897155761719e-05,0.0009486675262451172,0.023975610733032227
437,0.0043566226959228516,0.0003254413604736328,0.08307218551635742,0.0022149085998535156,0.014464855194091797,0.0011777877807617188,6.67572021484375e-05,0.0001533031463623047,0.018078327178955078,4.7206878662109375e-05,0.0009362697601318359,0.02397775650024414
438,0.003830432891845703,0.0003230571746826172,0.08307218551635742,0.002066373825073242,0.014447927474975586,0.001180410385131836,4.6253204345703125e-05,0.00014138221740722656,0.0178830623626709,4.744529724121094e-05,0.0009338855743408203,0.023257017135620117
439,0.004155158996582031,0.0002617835998535156,0.08307218551635742,0.0021195411682128906,0.014804601669311523,0.0011043548583984375,4.4345855712890625e-05,0.00016546249389648438,0.018239259719848633,5.698204040527344e-05,0.0009148120880126953,0.023878812789916992
440,0.004798412322998047,0.0002932548522949219,0.08307218551635742,0.002462148666381836,0.015109777450561523,0.001222848892211914,4.863739013671875e-05,0.0001690387725830078,0.019013643264770508,6.818771362304688e-05,0.0010178089141845703,0.02556157112121582
441,0.005278348922729492,0.0002703666687011719,0.08307218551635742,0.0023102760314941406,0.015105962753295898,0.0013005733489990234,7.104873657226562e-05,0.00016689300537109375,0.018956661224365234,6.413459777832031e-05,0.0009715557098388672,0.025848865509033203
442,0.004781246185302734,0.0002384185791015625,0.08307218551635742,0.001970052719116211,0.0168149471282959,0.0012965202331542969,4.553794860839844e-05,0.0001678466796875,0.020296335220336914,4.935264587402344e-05,0.0009567737579345703,0.026575088500976562
443,0.0040547847747802734,0.000213623046875,0.08307218551635742,0.001935720443725586,0.01510310173034668,0.00115966796875,4.7206878662109375e-05,0.00015926361083984375,0.018406391143798828,4.887580871582031e-05,0.000978231430053711,0.023942232131958008
444,0.004380464553833008,0.00025081634521484375,0.08307218551635742,0.0021605491638183594,0.015135765075683594,0.0011913776397705078,4.220008850097656e-05,0.00017976760864257812,0.018710613250732422,4.9114227294921875e-05,0.0009431838989257812,0.024588346481323242
445,0.004478931427001953,0.0002803802490234375,0.08307218551635742,0.002189159393310547,0.015452861785888672,0.0011060237884521484,4.029273986816406e-05,0.00014066696166992188,0.018930435180664062,5.245208740234375e-05,0.0013899803161621094,0.025390148162841797
446,0.004540443420410156,0.00025343894958496094,0.08307218551635742,0.0020117759704589844,0.015273094177246094,0.001177072525024414,4.0531158447265625e-05,0.00017762184143066406,0.01868128776550293,5.221366882324219e-05,0.001043558120727539,0.024808168411254883
447,0.004473686218261719,0.0002455711364746094,0.08307218551635742,0.0021059513092041016,0.018655061721801758,0.0011703968048095703,3.7670135498046875e-05,0.00014591217041015625,0.02211618423461914,4.9591064453125e-05,0.000982522964477539,0.02812361717224121
448,0.004608631134033203,0.00026297569274902344,0.08307218551635742,0.0018596649169921875,0.01438140869140625,0.0012254714965820312,4.458427429199219e-05,0.00014734268188476562,0.017659664154052734,4.363059997558594e-05,0.0009243488311767578,0.023723363876342773
449,0.0036950111389160156,0.00031113624572753906,0.08307218551635742,0.0023708343505859375,0.015079975128173828,0.0011792182922363281,4.00543212890625e-05,0.00014734268188476562,0.018819093704223633,4.76837158203125e-05,0.0009844303131103516,0.024112224578857422
450,0.004751682281494141,0.00025177001953125,0.08307218551635742,0.002150297164916992,0.014995813369750977,0.001188039779663086,4.4345855712890625e-05,0.00018286705017089844,0.01856231689453125,4.506111145019531e-05,0.0009417533874511719,0.02478814125061035
451,0.004442930221557617,0.00026154518127441406,0.08307218551635742,0.0019445419311523438,0.014979124069213867,0.0011954307556152344,4.315376281738281e-05,0.0001399517059326172,0.018303394317626953,6.842613220214844e-05,0.0009284019470214844,0.024269580841064453
452,0.004976511001586914,0.00026416778564453125,0.08307218551635742,0.00199127197265625,0.01574540138244629,0.00118255615234375,4.57763671875e-05,0.00015783309936523438,0.019123554229736328,4.7206878662109375e-05,0.0009267330169677734,0.025576353073120117
453,0.004398822784423828,0.0002617835998535156,0.08307218551635742,0.002156496047973633,0.016847610473632812,0.0011761188507080078,4.482269287109375e-05,0.00014710426330566406,0.020373106002807617,5.412101745605469e-05,0.000985860824584961,0.026339054107666016
454,0.004631757736206055,0.0002243518829345703,0.08307218551635742,0.0021038055419921875,0.014898300170898438,0.0011713504791259766,4.696846008300781e-05,0.00014710426330566406,0.018368244171142578,4.792213439941406e-05,0.001020669937133789,0.02455902099609375
455,0.004445791244506836,0.00019431114196777344,0.08307218551635742,0.002130746841430664,0.014948368072509766,0.0011649131774902344,3.7670135498046875e-05,0.00013971328735351562,0.018422842025756836,4.410743713378906e-05,0.00089263916015625,0.024243831634521484
456,0.004555940628051758,0.00023174285888671875,0.08307218551635742,0.002181529998779297,0.021680116653442383,0.0009553432464599609,6.937980651855469e-05,0.0002677440643310547,0.025156497955322266,7.200241088867188e-05,0.001463174819946289,0.03187823295593262
457,0.004519462585449219,0.00028014183044433594,0.08307218551635742,0.0022804737091064453,0.019077539443969727,0.0011789798736572266,3.743171691894531e-05,0.00015282630920410156,0.02272820472717285,5.0067901611328125e-05,0.0014345645904541016,0.029259920120239258
458,0.004669904708862305,0.0002827644348144531,0.08307218551635742,0.0022656917572021484,0.015061140060424805,0.0011982917785644531,4.00543212890625e-05,0.00015282630920410156,0.018718957901000977,5.173683166503906e-05,0.0009987354278564453,0.02498626708984375
459,0.003658294677734375,0.00016689300537109375,0.08307218551635742,0.0018033981323242188,0.014644622802734375,0.0012471675872802734,4.6253204345703125e-05,0.00014829635620117188,0.01789093017578125,5.221366882324219e-05,0.0009667873382568359,0.023014068603515625
460,0.004478931427001953,0.00028014183044433594,0.08307218551635742,0.002094268798828125,0.0146026611328125,0.0011627674102783203,3.695487976074219e-05,0.00016570091247558594,0.018063068389892578,4.601478576660156e-05,0.0010602474212646484,0.02418351173400879
461,0.004058361053466797,0.0002713203430175781,0.08307218551635742,0.0021860599517822266,0.014633893966674805,0.0011878013610839844,4.601478576660156e-05,0.00015497207641601562,0.01820993423461914,4.315376281738281e-05,0.0009679794311523438,0.0238037109375
462,0.014831781387329102,0.00024628639221191406,0.08307218551635742,0.0021028518676757812,0.014987707138061523,0.0011866092681884766,4.220008850097656e-05,0.00015687942504882812,0.018477678298950195,4.482269287109375e-05,0.0008809566497802734,0.03472542762756348
463,0.0034236907958984375,0.00024080276489257812,0.08307218551635742,0.0019245147705078125,0.015169382095336914,0.0012025833129882812,3.647804260253906e-05,0.0001552104949951172,0.018489599227905273,4.601478576660156e-05,0.0009241104125976562,0.023375749588012695
464,0.0045778751373291016,0.00026106834411621094,0.08307218551635742,0.0021376609802246094,0.015171051025390625,0.001168966293334961,4.57763671875e-05,0.00015354156494140625,0.018677949905395508,4.38690185546875e-05,0.0009202957153320312,0.02472972869873047
465,0.0042934417724609375,0.00030541419982910156,0.08307218551635742,0.002669095993041992,0.015213966369628906,0.0011670589447021484,4.744529724121094e-05,0.0001456737518310547,0.01924443244934082,5.054473876953125e-05,0.0009844303131103516,0.025150299072265625
466,0.004581451416015625,0.0002655982971191406,0.08307218551635742,0.002178192138671875,0.01732039451599121,0.001168966293334961,4.7206878662109375e-05,0.00015091896057128906,0.020866870880126953,4.57763671875e-05,0.0009636878967285156,0.026969432830810547
467,0.003692626953125,0.00020956993103027344,0.08307218551635742,0.0019071102142333984,0.014451742172241211,0.0012078285217285156,4.220008850097656e-05,0.00016736984252929688,0.017777442932128906,5.1021575927734375e-05,0.0009207725524902344,0.022931814193725586
468,0.004533290863037109,0.0002923011779785156,0.08307218551635742,0.0022847652435302734,0.014490365982055664,0.0011873245239257812,3.910064697265625e-05,0.0001494884490966797,0.01815199851989746,5.6743621826171875e-05,0.0009031295776367188,0.024194955825805664
469,0.004316568374633789,0.0003006458282470703,0.08307218551635742,0.002573251724243164,0.014667510986328125,0.001173257827758789,5.435943603515625e-05,0.0001518726348876953,0.018622159957885742,5.364418029785156e-05,0.0013859272003173828,0.024937868118286133
470,0.004527568817138672,0.0002703666687011719,0.08307218551635742,0.0022275447845458984,0.015007495880126953,0.0011875629425048828,4.482269287109375e-05,0.000156402587890625,0.01862478256225586,5.221366882324219e-05,0.0009148120880126953,0.024658203125
471,0.00368499755859375,0.0002543926239013672,0.08307218551635742,0.0021789073944091797,0.021530628204345703,0.0009706020355224609,6.651878356933594e-05,0.00026607513427734375,0.025014400482177734,7.367134094238281e-05,0.001356363296508789,0.030761241912841797
472,0.004701375961303711,0.00021886825561523438,0.08307218551635742,0.0022563934326171875,0.02116703987121582,0.0009696483612060547,6.866455078125e-05,0.0002765655517578125,0.024740219116210938,7.414817810058594e-05,0.0013110637664794922,0.031427860260009766
473,0.005026340484619141,0.00038242340087890625,0.08307218551635742,0.002347230911254883,0.021006107330322266,0.0009839534759521484,6.508827209472656e-05,0.0002789497375488281,0.02468276023864746,7.319450378417969e-05,0.0013041496276855469,0.031859397888183594
474,0.005183696746826172,0.0002529621124267578,0.08307218551635742,0.0022056102752685547,0.0215456485748291,0.0009665489196777344,6.842613220214844e-05,0.00027179718017578125,0.02505970001220703,7.224082946777344e-05,0.0013589859008789062,0.032301902770996094
475,0.0041620731353759766,0.0002262592315673828,0.08307218551635742,0.0021207332611083984,0.014580011367797852,0.0012359619140625,4.4345855712890625e-05,0.00015735626220703125,0.018139362335205078,4.5299530029296875e-05,0.0009334087371826172,0.023772716522216797
476,0.00451350212097168,0.0002677440643310547,0.08307218551635742,0.0021991729736328125,0.016355514526367188,0.0011827945709228516,5.245208740234375e-05,0.00015544891357421875,0.019946575164794922,4.6253204345703125e-05,0.001135110855102539,0.026165485382080078
477,0.00467681884765625,0.00032401084899902344,0.08307218551635742,0.0024406909942626953,0.014548540115356445,0.001180887222290039,4.601478576660156e-05,0.0001468658447265625,0.01836371421813965,4.935264587402344e-05,0.0014660358428955078,0.025126218795776367
478,0.004568815231323242,0.0003151893615722656,0.08307218551635742,0.002204418182373047,0.014529228210449219,0.001188516616821289,6.67572021484375e-05,0.00014638900756835938,0.01813650131225586,5.459785461425781e-05,0.0011091232299804688,0.024440526962280273
479,0.0040853023529052734,0.00027108192443847656,0.08307218551635742,0.002165079116821289,0.015911340713500977,0.0011832714080810547,4.6253204345703125e-05,0.0001659393310546875,0.01947307586669922,6.365776062011719e-05,0.0010137557983398438,0.025160551071166992
480,0.004635334014892578,0.0002701282501220703,0.08307218551635742,0.0022225379943847656,0.018225669860839844,0.0010559558868408203,4.315376281738281e-05,0.0001552104949951172,0.021703481674194336,5.221366882324219e-05,0.001012563705444336,0.027936458587646484
481,0.004670619964599609,0.0002722740173339844,0.08307218551635742,0.0021326541900634766,0.015176534652709961,0.0011987686157226562,4.9591064453125e-05,0.0001900196075439453,0.01874852180480957,4.982948303222656e-05,0.0013682842254638672,0.025365352630615234
482,0.004584550857543945,0.00023245811462402344,0.08307218551635742,0.002088308334350586,0.014550447463989258,0.0011763572692871094,4.267692565917969e-05,0.00013566017150878906,0.017994403839111328,4.553794860839844e-05,0.0010199546813964844,0.024120330810546875
483,0.003589630126953125,0.00023245811462402344,0.08307218551635742,0.0019752979278564453,0.014532089233398438,0.001184225082397461,4.0531158447265625e-05,0.00014734268188476562,0.01788043975830078,4.744529724121094e-05,0.0009500980377197266,0.02293992042541504
484,0.0046749114990234375,0.0002799034118652344,0.08307218551635742,0.0021560192108154297,0.014496803283691406,0.0011930465698242188,4.863739013671875e-05,0.0001456737518310547,0.018041133880615234,4.4345855712890625e-05,0.0009429454803466797,0.02422475814819336
485,0.0044443607330322266,0.0002789497375488281,0.08307218551635742,0.002348661422729492,0.01450347900390625,0.0011882781982421875,4.4345855712890625e-05,0.00015425682067871094,0.018239736557006836,4.863739013671875e-05,0.0009663105010986328,0.024229764938354492
486,0.004464864730834961,0.0002703666687011719,0.08307218551635742,0.0021240711212158203,0.014406204223632812,0.0011794567108154297,4.673004150390625e-05,0.0001506805419921875,0.017908573150634766,5.0067901611328125e-05,0.0011165142059326172,0.024059534072875977
487,0.003743886947631836,0.00022125244140625,0.08307218551635742,0.0020575523376464844,0.014508724212646484,0.0011932849884033203,4.1961669921875e-05,0.00014519691467285156,0.017947912216186523,4.673004150390625e-05,0.0009167194366455078,0.02313065528869629
488,0.004863262176513672,0.00028777122497558594,0.08307218551635742,0.0027170181274414062,0.01788473129272461,0.0014722347259521484,7.390975952148438e-05,0.0002243518829345703,0.022373676300048828,0.00014138221740722656,0.0015392303466796875,0.029626131057739258
489,0.005121946334838867,0.0004813671112060547,0.08307218551635742,0.0028839111328125,0.019189834594726562,0.0011739730834960938,4.410743713378906e-05,0.00015163421630859375,0.02344489097595215,8.273124694824219e-05,0.0009970664978027344,0.03036785125732422
490,0.0044324398040771484,0.0003540515899658203,0.08307218551635742,0.0032575130462646484,0.02454400062561035,0.002649545669555664,0.0001456737518310547,0.0005142688751220703,0.031112194061279297,0.00015735626220703125,0.0012776851654052734,0.038442373275756836
491,0.014631509780883789,0.0005342960357666016,0.08307218551635742,0.019383907318115234,0.02966141700744629,0.0011327266693115234,4.649162292480469e-05,0.0001666545867919922,0.050392866134643555,6.103515625e-05,0.0011022090911865234,0.0670163631439209
492,0.00499415397644043,0.00023555755615234375,0.08537650108337402,0.0109710693359375,0.016250133514404297,0.0011436939239501953,4.3392181396484375e-05,0.00015282630920410156,0.028561830520629883,5.2928924560546875e-05,0.0010139942169189453,0.03511357307434082
493,0.005724191665649414,0.0002067089080810547,0.08537650108337402,0.022098541259765625,0.015426158905029297,0.0011363029479980469,4.291534423828125e-05,0.00015163421630859375,0.03885650634765625,5.364418029785156e-05,0.0013170242309570312,0.046411752700805664
494,0.0063478946685791016,0.00019741058349609375,0.08537650108337402,0.02103590965270996,0.015485763549804688,0.0010998249053955078,4.267692565917969e-05,0.0001628398895263672,0.03782844543457031,5.316734313964844e-05,0.0009675025939941406,0.045648813247680664
495,0.0055310726165771484,0.00018477439880371094,0.08537650108337402,0.016179323196411133,0.017879247665405273,0.0011281967163085938,3.719329833984375e-05,0.00013756752014160156,0.03536248207092285,4.935264587402344e-05,0.0009431838989257812,0.04231119155883789
496,0.004063844680786133,0.00021314620971679688,0.08537650108337402,0.013304710388183594,0.019034147262573242,0.0011208057403564453,5.340576171875e-05,0.00018024444580078125,0.03369426727294922,5.698204040527344e-05,0.0011615753173828125,0.03945159912109375
497,0.004752397537231445,0.0001926422119140625,0.08537650108337402,0.01612067222595215,0.0160825252532959,0.0011301040649414062,4.1484832763671875e-05,0.00014209747314453125,0.033518075942993164,4.9591064453125e-05,0.0009455680847167969,0.039690494537353516
498,0.0036017894744873047,0.0002269744873046875,0.08537650108337402,0.013586044311523438,0.015434026718139648,0.0011429786682128906,4.363059997558594e-05,0.00015091896057128906,0.030358552932739258,5.030632019042969e-05,0.0009591579437255859,0.03544950485229492
499,0.0035839080810546875,0.00020456314086914062,0.08537650108337402,0.013153314590454102,0.014909982681274414,0.0011680126190185547,4.482269287109375e-05,0.0001552104949951172,0.02943253517150879,5.2928924560546875e-05,0.0010211467742919922,0.03456282615661621
500,0.003756284713745117,0.00023102760314941406,0.08537650108337402,0.01344156265258789,0.015017986297607422,0.001161336898803711,4.1484832763671875e-05,0.0001506805419921875,0.02981400489807129,5.602836608886719e-05,0.0010924339294433594,0.035212039947509766
501,0.004279375076293945,0.00026702880859375,0.08537650108337402,0.013580560684204102,0.014966011047363281,0.0011684894561767578,4.4345855712890625e-05,0.0001678466796875,0.029928207397460938,5.459785461425781e-05,0.0010366439819335938,0.03583884239196777
502,0.004793643951416016,0.000213623046875,0.08537650108337402,0.0020751953125,0.015331745147705078,0.001199483871459961,4.482269287109375e-05,0.0001475811004638672,0.018799304962158203,4.887580871582031e-05,0.0009493827819824219,0.025046825408935547
503,0.003831148147583008,0.00028634071350097656,0.08537650108337402,0.002048015594482422,0.015036582946777344,0.0011913776397705078,4.363059997558594e-05,0.00017023086547851562,0.01849079132080078,5.0067901611328125e-05,0.0009996891021728516,0.02392125129699707
504,0.004781961441040039,0.0002415180206298828,0.08537650108337402,0.0023539066314697266,0.018157243728637695,0.0011854171752929688,3.5762786865234375e-05,0.00015926361083984375,0.021893024444580078,4.982948303222656e-05,0.000986337661743164,0.028211116790771484
505,0.004503965377807617,0.00021576881408691406,0.08537650108337402,0.002254962921142578,0.014576435089111328,0.0011911392211914062,4.1961669921875e-05,0.00014352798461914062,0.01820969581604004,4.76837158203125e-05,0.0013823509216308594,0.024592161178588867
506,0.004761457443237305,0.00026345252990722656,0.08537650108337402,0.002251148223876953,0.01513528823852539,0.0011417865753173828,4.696846008300781e-05,0.00016951560974121094,0.01874566078186035,5.054473876953125e-05,0.0009109973907470703,0.024976491928100586
507,0.0035533905029296875,0.0001919269561767578,0.08537650108337402,0.0019490718841552734,0.014582395553588867,0.0011799335479736328,4.315376281738281e-05,0.00015974044799804688,0.017915725708007812,5.340576171875e-05,0.001005411148071289,0.022989749908447266
508,0.004360675811767578,0.00027632713317871094,0.08537650108337402,0.0023508071899414062,0.014781951904296875,0.0011661052703857422,4.172325134277344e-05,0.00015687942504882812,0.018498659133911133,5.1021575927734375e-05,0.000949859619140625,0.02438974380493164
509,0.004548311233520508,0.00026798248291015625,0.08537650108337402,0.0023458003997802734,0.01453399658203125,0.0011789798736572266,4.673004150390625e-05,0.00015664100646972656,0.01826333999633789,5.030632019042969e-05,0.0010237693786621094,0.024400949478149414
510,0.004730224609375,0.00024890899658203125,0.08537650108337402,0.0021414756774902344,0.014518260955810547,0.0011954307556152344,4.2438507080078125e-05,0.00015473365783691406,0.018053531646728516,4.482269287109375e-05,0.001001596450805664,0.02432727813720703
511,0.0035059452056884766,0.00022482872009277344,0.08537650108337402,0.0019183158874511719,0.014471054077148438,0.001260519027709961,4.458427429199219e-05,0.00016427040100097656,0.017859935760498047,4.9591064453125e-05,0.0008938312530517578,0.022773027420043945
512,0.004362344741821289,0.0002655982971191406,0.08537650108337402,0.0023508071899414062,0.01757192611694336,0.001163482666015625,4.9591064453125e-05,0.00016427040100097656,0.021301746368408203,5.9604644775390625e-05,0.0009963512420654297,0.027251005172729492
513,0.005011796951293945,0.0002892017364501953,0.08537650108337402,0.0023298263549804688,0.014538049697875977,0.001220703125,4.8160552978515625e-05,0.00016117095947265625,0.018299579620361328,5.9604644775390625e-05,0.0010378360748291016,0.024985074996948242
514,0.005068063735961914,0.00024628639221191406,0.08537650108337402,0.0026149749755859375,0.021626710891723633,0.001157522201538086,3.695487976074219e-05,0.00014591217041015625,0.025583505630493164,5.650520324707031e-05,0.0010924339294433594,0.0323026180267334
515,0.003801107406616211,0.00019025802612304688,0.08537650108337402,0.0019562244415283203,0.015145301818847656,0.001199483871459961,4.1484832763671875e-05,0.0001583099365234375,0.01850152015686035,4.8160552978515625e-05,0.0010097026824951172,0.02379775047302246
516,0.003797292709350586,0.00022912025451660156,0.08537650108337402,0.002259492874145508,0.017702579498291016,0.0011644363403320312,4.76837158203125e-05,0.00017595291137695312,0.021352529525756836,7.43865966796875e-05,0.0010173320770263672,0.0267026424407959
517,0.004804372787475586,0.0002453327178955078,0.08537650108337402,0.0022690296173095703,0.01595139503479004,0.0011892318725585938,4.839897155761719e-05,0.00015807151794433594,0.01961684226989746,4.5299530029296875e-05,0.0013480186462402344,0.026301145553588867
518,0.004557609558105469,0.00024962425231933594,0.08537650108337402,0.0020453929901123047,0.014333724975585938,0.001186370849609375,4.482269287109375e-05,0.0001456737518310547,0.017756938934326172,4.696846008300781e-05,0.0008695125579833984,0.02373337745666504
519,0.0037081241607666016,0.0002315044403076172,0.08537650108337402,0.0021185874938964844,0.02407979965209961,0.0010924339294433594,4.291534423828125e-05,0.00018739700317382812,0.02752208709716797,5.841255187988281e-05,0.0010538101196289062,0.03282952308654785
520,0.004789590835571289,0.0002703666687011719,0.08537650108337402,0.0022957324981689453,0.015057802200317383,0.001219034194946289,4.5299530029296875e-05,0.00014972686767578125,0.018768310546875,5.1975250244140625e-05,0.0009114742279052734,0.02504277229309082
521,0.004453182220458984,0.00026297569274902344,0.08537650108337402,0.0022592544555664062,0.015101432800292969,0.0011816024780273438,4.124641418457031e-05,0.0001544952392578125,0.018738985061645508,4.839897155761719e-05,0.0009677410125732422,0.02472543716430664
522,0.004553079605102539,0.0002918243408203125,0.08537650108337402,0.0021851062774658203,0.014478683471679688,0.0012166500091552734,4.410743713378906e-05,0.00014972686767578125,0.01807570457458496,4.3392181396484375e-05,0.0008931159973144531,0.024112462997436523
523,0.0038394927978515625,0.00023603439331054688,0.08537650108337402,0.002193927764892578,0.014356851577758789,0.0011839866638183594,4.744529724121094e-05,0.00014066696166992188,0.01792454719543457,4.8160552978515625e-05,0.0009424686431884766,0.02325916290283203
524,0.0046389102935791016,0.00027823448181152344,0.08537650108337402,0.0022063255310058594,0.014462947845458984,0.0011570453643798828,4.649162292480469e-05,0.0001423358917236328,0.01801586151123047,4.6253204345703125e-05,0.0008630752563476562,0.024074316024780273
525,0.0043675899505615234,0.0002384185791015625,0.08537650108337402,0.0022974014282226562,0.01442265510559082,0.0011959075927734375,4.57763671875e-05,0.00015783309936523438,0.01812124252319336,4.482269287109375e-05,0.0009822845458984375,0.023992538452148438
526,0.0046312808990478516,0.00028514862060546875,0.08537650108337402,0.0022530555725097656,0.01681375503540039,0.0011646747589111328,3.8623809814453125e-05,0.00015783309936523438,0.020429134368896484,5.435943603515625e-05,0.0009512901306152344,0.026614904403686523
527,0.003564596176147461,0.00022673606872558594,0.08537650108337402,0.00209808349609375,0.014576435089111328,0.0011851787567138672,4.9591064453125e-05,0.00014710426330566406,0.01805853843688965,4.9591064453125e-05,0.0016734600067138672,0.023816347122192383
528,0.0051729679107666016,0.00026345252990722656,0.08537650108337402,0.002315998077392578,0.017638444900512695,0.0011844635009765625,4.9591064453125e-05,0.0001513957977294922,0.02134108543395996,4.649162292480469e-05,0.001032114028930664,0.028108596801757812
529,0.0047206878662109375,0.00026798248291015625,0.08537650108337402,0.002173185348510742,0.014417171478271484,0.0011889934539794922,4.553794860839844e-05,0.00013637542724609375,0.01796269416809082,4.935264587402344e-05,0.0013396739959716797,0.02462005615234375
530,0.004850625991821289,0.0003674030303955078,0.08537650108337402,0.002306222915649414,0.018411636352539062,0.0011973381042480469,4.458427429199219e-05,0.0001506805419921875,0.02211165428161621,4.57763671875e-05,0.0008885860443115234,0.02850961685180664
531,0.0036504268646240234,0.00021982192993164062,0.08537650108337402,0.0020401477813720703,0.014564990997314453,0.001188516616821289,4.6253204345703125e-05,0.0001544952392578125,0.017995595932006836,4.9114227294921875e-05,0.000896453857421875,0.0230560302734375
532,0.004550933837890625,0.00029087066650390625,0.08537650108337402,0.0026733875274658203,0.01893782615661621,0.0011494159698486328,3.62396240234375e-05,0.0001437664031982422,0.02294135093688965,5.5789947509765625e-05,0.0009634494781494141,0.029042482376098633
533,0.004969596862792969,0.00025653839111328125,0.08537650108337402,0.002117156982421875,0.01439976692199707,0.0011949539184570312,4.172325134277344e-05,0.00014638900756835938,0.01790142059326172,4.863739013671875e-05,0.0009186267852783203,0.024369001388549805
534,0.008196115493774414,0.0003178119659423828,0.08537650108337402,0.002117156982421875,0.014572858810424805,0.0011696815490722656,3.5762786865234375e-05,0.0001506805419921875,0.018047332763671875,4.696846008300781e-05,0.0009038448333740234,0.02778482437133789
535,0.004431724548339844,0.00023317337036132812,0.08537650108337402,0.002116680145263672,0.01509404182434082,0.001194000244140625,4.553794860839844e-05,0.0001556873321533203,0.018607378005981445,4.4345855712890625e-05,0.0009217262268066406,0.024489402770996094
536,0.004538536071777344,0.00023031234741210938,0.08537650108337402,0.0022459030151367188,0.015421628952026367,0.0011742115020751953,4.6253204345703125e-05,0.00014662742614746094,0.019036054611206055,4.458427429199219e-05,0.0008857250213623047,0.02496933937072754
537,0.005785465240478516,0.0002703666687011719,0.08537650108337402,0.0022606849670410156,0.014524698257446289,0.0011980533599853516,4.076957702636719e-05,0.00014638900756835938,0.01817154884338379,4.649162292480469e-05,0.0009207725524902344,0.02547454833984375
538,0.004569530487060547,0.000270843505859375,0.08537650108337402,0.002177715301513672,0.014498472213745117,0.0011887550354003906,4.38690185546875e-05,0.00014352798461914062,0.018053054809570312,4.291534423828125e-05,0.0009365081787109375,0.024111032485961914
539,0.004170656204223633,0.00023102760314941406,0.08537650108337402,0.0021114349365234375,0.014540910720825195,0.0011763572692871094,4.863739013671875e-05,0.0001437664031982422,0.01802229881286621,4.553794860839844e-05,0.0009748935699462891,0.023694276809692383
540,0.004486560821533203,0.0002720355987548828,0.08537650108337402,0.0021610260009765625,0.014555215835571289,0.001165151596069336,4.6253204345703125e-05,0.0001544952392578125,0.01808333396911621,4.76837158203125e-05,0.0009377002716064453,0.024069547653198242
541,0.0065801143646240234,0.00027370452880859375,0.08537650108337402,0.002167940139770508,0.014988899230957031,0.0011935234069824219,3.314018249511719e-05,0.0001475811004638672,0.018532276153564453,4.553794860839844e-05,0.0014438629150390625,0.02715015411376953
542,0.0045185089111328125,0.0002410411834716797,0.08537650108337402,0.002321958541870117,0.015023946762084961,0.0011835098266601562,3.719329833984375e-05,0.00014138221740722656,0.01870894432067871,4.57763671875e-05,0.0008459091186523438,0.024602174758911133
543,0.003561735153198242,0.00022149085998535156,0.08537650108337402,0.002033710479736328,0.017195701599121094,0.0011706352233886719,4.1484832763671875e-05,0.00014710426330566406,0.020589590072631836,4.7206878662109375e-05,0.0009372234344482422,0.025615692138671875
544,0.005139827728271484,0.0003180503845214844,0.08537650108337402,0.0022575855255126953,0.014566898345947266,0.001184225082397461,4.744529724121094e-05,0.00015592575073242188,0.01821756362915039,5.054473876953125e-05,0.0008690357208251953,0.024850845336914062
545,0.004654645919799805,0.00026702880859375,0.08537650108337402,0.002228260040283203,0.014540672302246094,0.0012080669403076172,4.029273986816406e-05,0.00015211105346679688,0.018170833587646484,4.506111145019531e-05,0.0009229183197021484,0.02432084083557129
546,0.004603385925292969,0.0002734661102294922,0.08537650108337402,0.002310514450073242,0.014535903930664062,0.0011696815490722656,4.8160552978515625e-05,0.00014972686767578125,0.018215179443359375,4.6253204345703125e-05,0.0008776187896728516,0.02427053451538086
547,0.003950595855712891,0.0002810955047607422,0.08537650108337402,0.0027043819427490234,0.018433570861816406,0.0011754035949707031,4.410743713378906e-05,0.0001628398895263672,0.022521257400512695,5.1975250244140625e-05,0.0009667873382568359,0.028024911880493164
548,0.0053255558013916016,0.00024509429931640625,0.08537650108337402,0.0024862289428710938,0.015766620635986328,0.0011861324310302734,4.601478576660156e-05,0.00014901161193847656,0.01963496208190918,5.078315734863281e-05,0.0009975433349609375,0.026516199111938477
549,0.0047855377197265625,0.00025534629821777344,0.08537650108337402,0.0023984909057617188,0.01448822021484375,0.0011951923370361328,4.3392181396484375e-05,0.00016546249389648438,0.018292665481567383,5.221366882324219e-05,0.0011088848114013672,0.024744033813476562
550,0.00502467155456543,0.0002372264862060547,0.08537650108337402,0.0023081302642822266,0.014460325241088867,0.0011692047119140625,4.673004150390625e-05,0.00014209747314453125,0.0181276798248291,4.553794860839844e-05,0.0008981227874755859,0.02458047866821289
551,0.0050640106201171875,0.0002167224884033203,0.08537650108337402,0.0020983219146728516,0.014509201049804688,0.0011737346649169922,3.933906555175781e-05,0.00013589859008789062,0.01795792579650879,4.601478576660156e-05,0.0008623600006103516,0.02438807487487793
552,0.004396915435791016,0.00028443336486816406,0.08537650108337402,0.004579305648803711,0.014379024505615234,0.001191854476928711,4.6253204345703125e-05,0.00015544891357421875,0.02035236358642578,4.410743713378906e-05,0.0008573532104492188,0.0261688232421875
553,0.0041391849517822266,0.0002334117889404297,0.08537650108337402,0.002171754837036133,0.014618158340454102,0.0011861324310302734,4.38690185546875e-05,0.00016236305236816406,0.018183231353759766,5.555152893066406e-05,0.0012831687927246094,0.024160385131835938
554,0.004925727844238281,0.000244140625,0.08537650108337402,0.002201557159423828,0.01438140869140625,0.0012073516845703125,4.1484832763671875e-05,0.00015878677368164062,0.01799178123474121,4.696846008300781e-05,0.001005411148071289,0.02445387840270996
555,0.0038673877716064453,0.0002834796905517578,0.08537650108337402,0.001979351043701172,0.014480352401733398,0.0011773109436035156,4.3392181396484375e-05,0.00015926361083984375,0.01784038543701172,4.57763671875e-05,0.0008540153503417969,0.023144960403442383
556,0.004211902618408203,0.00029349327087402344,0.08537650108337402,0.0020852088928222656,0.014414072036743164,0.0011796951293945312,4.3392181396484375e-05,0.000164031982421875,0.01788783073425293,4.6253204345703125e-05,0.0009036064147949219,0.023595094680786133
557,0.004364967346191406,0.00023627281188964844,0.08537650108337402,0.002053499221801758,0.01445150375366211,0.0011734962463378906,4.220008850097656e-05,0.0001373291015625,0.01785874366760254,4.315376281738281e-05,0.0008449554443359375,0.023565053939819336
558,0.0051937103271484375,0.0003006458282470703,0.08537650108337402,0.002646923065185547,0.0146026611328125,0.0011997222900390625,4.792213439941406e-05,0.00015735626220703125,0.01865530014038086,4.982948303222656e-05,0.0008933544158935547,0.02533268928527832
559,0.004154205322265625,0.0002334117889404297,0.08537650108337402,0.002032041549682617,0.014444112777709961,0.0012013912200927734,4.124641418457031e-05,0.000141143798828125,0.01786184310913086,5.555152893066406e-05,0.0009717941284179688,0.023556947708129883
560,0.004544734954833984,0.0002999305725097656,0.08537650108337402,0.0031032562255859375,0.022983789443969727,0.0019609928131103516,0.00017762184143066406,0.0005090236663818359,0.028736591339111328,6.556510925292969e-05,0.002537250518798828,0.03660249710083008
561,0.010046720504760742,0.0022339820861816406,0.08537650108337402,0.041110992431640625,0.01572871208190918,0.0011262893676757812,5.054473876953125e-05,0.00017714500427246094,0.0581965446472168,6.437301635742188e-05,0.0011949539184570312,0.07205843925476074
562,0.004846334457397461,0.00023818016052246094,0.08566975593566895,0.013649225234985352,0.017782926559448242,0.0011355876922607422,4.315376281738281e-05,0.00013875961303710938,0.032750844955444336,5.364418029785156e-05,0.0008816719055175781,0.039021968841552734
563,0.011986970901489258,0.00018167495727539062,0.08566975593566895,0.018396615982055664,0.016974687576293945,0.0011181831359863281,5.3882598876953125e-05,0.00017404556274414062,0.036718130111694336,5.936622619628906e-05,0.0011038780212402344,0.05030488967895508
564,0.0038175582885742188,0.00024271011352539062,0.08566975593566895,0.02271294593811035,0.02212047576904297,0.0011322498321533203,5.53131103515625e-05,0.00017499923706054688,0.04619717597961426,6.29425048828125e-05,0.0010819435119628906,0.051659584045410156
565,0.003368854522705078,0.00012087821960449219,0.08566975593566895,0.024059534072875977,0.020943880081176758,0.0011289119720458984,5.173683166503906e-05,0.00018095970153808594,0.04636645317077637,5.7220458984375e-05,0.0015254020690917969,0.05169248580932617
566,0.0037033557891845703,0.00019431114196777344,0.08566975593566895,0.01600813865661621,0.020064115524291992,0.0011224746704101562,5.412101745605469e-05,0.00018262863159179688,0.03743243217468262,5.984306335449219e-05,0.0010387897491455078,0.04268336296081543
567,0.0034766197204589844,0.00023651123046875,0.08566975593566895,0.029474258422851562,0.015516519546508789,0.0011551380157470703,5.4836273193359375e-05,0.00017142295837402344,0.04637312889099121,5.8650970458984375e-05,0.0010693073272705078,0.051486968994140625
568,0.004101753234863281,0.00026535987854003906,0.08566975593566895,0.011362075805664062,0.014972925186157227,0.0011699199676513672,3.719329833984375e-05,0.00014138221740722656,0.027684450149536133,5.078315734863281e-05,0.0008978843688964844,0.033263444900512695
569,0.0036001205444335938,0.00022673606872558594,0.08566975593566895,0.013574361801147461,0.01497340202331543,0.0011584758758544922,3.62396240234375e-05,0.0001430511474609375,0.029886722564697266,5.1975250244140625e-05,0.0008609294891357422,0.034882307052612305
570,0.004472017288208008,0.00023365020751953125,0.08566975593566895,0.013908863067626953,0.02030348777770996,0.0011796951293945312,3.504753112792969e-05,0.00015854835510253906,0.03558707237243652,5.5789947509765625e-05,0.0008840560913085938,0.04150032997131348
571,0.0037801265716552734,0.00020933151245117188,0.08566975593566895,0.001753091812133789,0.01455378532409668,0.0011737346649169922,4.458427429199219e-05,0.00015425682067871094,0.017680883407592773,4.553794860839844e-05,0.0008432865142822266,0.022821903228759766
572,0.0043871402740478516,0.00023627281188964844,0.08566975593566895,0.002084016799926758,0.015045642852783203,0.0011754035949707031,3.528594970703125e-05,0.00014281272888183594,0.018484115600585938,4.649162292480469e-05,0.0008265972137451172,0.024249553680419922
573,0.004124164581298828,0.0002346038818359375,0.08566975593566895,0.002088308334350586,0.022142410278320312,0.0009772777557373047,6.628036499023438e-05,0.00026226043701171875,0.025537967681884766,6.771087646484375e-05,0.0009796619415283203,0.0314178466796875
574,0.004081249237060547,0.0003266334533691406,0.08566975593566895,0.002118349075317383,0.015096187591552734,0.0011701583862304688,4.2438507080078125e-05,0.00015997886657714844,0.01858806610107422,4.839897155761719e-05,0.0008823871612548828,0.024167299270629883
575,0.003319263458251953,0.0002486705780029297,0.08566975593566895,0.0017390251159667969,0.014453887939453125,0.0012450218200683594,4.00543212890625e-05,0.00015592575073242188,0.017635345458984375,5.316734313964844e-05,0.0009157657623291016,0.022429704666137695
576,0.003909587860107422,0.00021028518676757812,0.08566975593566895,0.002226591110229492,0.014423847198486328,0.001168966293334961,4.792213439941406e-05,0.00015854835510253906,0.01802682876586914,4.8160552978515625e-05,0.0009236335754394531,0.02337503433227539
577,0.004939079284667969,0.0002465248107910156,0.08566975593566895,0.0023314952850341797,0.01617741584777832,0.0011668205261230469,4.696846008300781e-05,0.00015544891357421875,0.01987910270690918,4.649162292480469e-05,0.0013463497161865234,0.02671527862548828
578,0.0046346187591552734,0.00019025802612304688,0.08566975593566895,0.0021262168884277344,0.014818668365478516,0.001176595687866211,4.3392181396484375e-05,0.00016760826110839844,0.01833343505859375,4.673004150390625e-05,0.0008549690246582031,0.02430105209350586
579,0.003998994827270508,0.0002269744873046875,0.08566975593566895,0.002216815948486328,0.014481306076049805,0.0011746883392333984,3.814697265625e-05,0.00014662742614746094,0.01805877685546875,5.173683166503906e-05,0.0009255409240722656,0.023533344268798828
580,0.004633665084838867,0.0002219676971435547,0.08566975593566895,0.002203226089477539,0.014619827270507812,0.0011553764343261719,3.9577484130859375e-05,0.00015044212341308594,0.018169403076171875,4.553794860839844e-05,0.0008301734924316406,0.024152040481567383
581,0.004761457443237305,0.0002620220184326172,0.08566975593566895,0.00225067138671875,0.014431238174438477,0.0011904239654541016,4.124641418457031e-05,0.00016546249389648438,0.01808023452758789,4.553794860839844e-05,0.0009279251098632812,0.024324893951416016
582,0.004570484161376953,0.00025200843811035156,0.08566975593566895,0.0021483898162841797,0.014491558074951172,0.0012028217315673828,3.314018249511719e-05,0.00014066696166992188,0.018018245697021484,4.696846008300781e-05,0.0008478164672851562,0.02397751808166504
583,0.0037682056427001953,0.0002593994140625,0.08566975593566895,0.002031564712524414,0.015034675598144531,0.0011968612670898438,3.790855407714844e-05,0.0001513957977294922,0.018453121185302734,4.506111145019531e-05,0.0008389949798583984,0.02361154556274414
584,0.004816532135009766,0.00022482872009277344,0.08566975593566895,0.002256155014038086,0.015111446380615234,0.0011968612670898438,4.410743713378906e-05,0.0001685619354248047,0.01877760887145996,8.392333984375e-05,0.0009357929229736328,0.025119543075561523
585,0.005125522613525391,0.000316619873046875,0.08566975593566895,0.0022530555725097656,0.01679706573486328,0.0012738704681396484,4.1484832763671875e-05,0.00014925003051757812,0.020516157150268555,5.984306335449219e-05,0.00107574462890625,0.027405500411987305
586,0.005311250686645508,0.0002467632293701172,0.08566975593566895,0.0024323463439941406,0.016479969024658203,0.0011577606201171875,4.553794860839844e-05,0.00013899803161621094,0.02025628089904785,5.030632019042969e-05,0.0008642673492431641,0.026971101760864258
587,0.00392460823059082,0.00021314620971679688,0.08566975593566895,0.002089977264404297,0.014484643936157227,0.0011734962463378906,4.076957702636719e-05,0.00014328956604003906,0.017933130264282227,4.863739013671875e-05,0.0009059906005859375,0.023286819458007812
588,0.004100322723388672,0.0002429485321044922,0.08566975593566895,0.002428293228149414,0.014492511749267578,0.0011737346649169922,4.291534423828125e-05,0.00014472007751464844,0.01828312873840332,4.9591064453125e-05,0.0008420944213867188,0.02375316619873047
589,0.00439000129699707,0.000217437744140625,0.08566975593566895,0.0022199153900146484,0.014460086822509766,0.0011751651763916016,3.814697265625e-05,0.00013446807861328125,0.01802849769592285,4.6253204345703125e-05,0.0014061927795410156,0.024347543716430664
590,0.005580902099609375,0.00035858154296875,0.08566975593566895,0.0027022361755371094,0.014784812927246094,0.0011806488037109375,4.4345855712890625e-05,0.00014209747314453125,0.01885533332824707,4.7206878662109375e-05,0.0008058547973632812,0.02589583396911621
591,0.004449367523193359,0.00021886825561523438,0.08566975593566895,0.002155303955078125,0.014536619186401367,0.0011851787567138672,3.9577484130859375e-05,0.0001518726348876953,0.018069744110107422,4.76837158203125e-05,0.0008263587951660156,0.023885250091552734
592,0.003645658493041992,0.00022983551025390625,0.08566975593566895,0.0020482540130615234,0.014628171920776367,0.001188039779663086,3.552436828613281e-05,0.0001518726348876953,0.01805281639099121,4.792213439941406e-05,0.0008273124694824219,0.023067235946655273
593,0.005014896392822266,0.00027871131896972656,0.08566975593566895,0.0023071765899658203,0.014483928680419922,0.0011882781982421875,4.124641418457031e-05,0.0001723766326904297,0.018193960189819336,4.792213439941406e-05,0.0008826255798339844,0.024693965911865234
594,0.003962516784667969,0.0002276897430419922,0.08566975593566895,0.0026574134826660156,0.015480995178222656,0.0011708736419677734,4.2438507080078125e-05,0.00014281272888183594,0.01949596405029297,5.3882598876953125e-05,0.0008571147918701172,0.02486276626586914
595,0.0045011043548583984,0.0003139972686767578,0.08566975593566895,0.0020890235900878906,0.014379501342773438,0.0011703968048095703,4.00543212890625e-05,0.00016546249389648438,0.017846345901489258,4.744529724121094e-05,0.0008280277252197266,0.023801088333129883
596,0.00442814826965332,0.0002720355987548828,0.08566975593566895,0.0022170543670654297,0.01452946662902832,0.0012009143829345703,4.124641418457031e-05,0.0001647472381591797,0.018154621124267578,4.6253204345703125e-05,0.0008649826049804688,0.024021387100219727
597,0.004545688629150391,0.00026488304138183594,0.08566975593566895,0.0023381710052490234,0.014423370361328125,0.001186370849609375,4.076957702636719e-05,0.00014662742614746094,0.018136024475097656,4.935264587402344e-05,0.00090789794921875,0.02414846420288086
598,0.004790306091308594,0.00028705596923828125,0.08566975593566895,0.00228118896484375,0.016657590866088867,0.0011789798736572266,4.267692565917969e-05,0.00014853477478027344,0.020309925079345703,4.6253204345703125e-05,0.0008294582366943359,0.026532649993896484
599,0.00428318977355957,0.0002288818359375,0.08566975593566895,0.0020601749420166016,0.014326095581054688,0.001177072525024414,3.409385681152344e-05,0.00013947486877441406,0.017737627029418945,4.4345855712890625e-05,0.000904083251953125,0.023453474044799805
600,0.0045397281646728516,0.0003285408020019531,0.08566975593566895,0.0024156570434570312,0.014638662338256836,0.0011928081512451172,4.1961669921875e-05,0.0001552104949951172,0.018445253372192383,5.269050598144531e-05,0.0008606910705566406,0.024495363235473633
601,0.005360126495361328,0.0003001689910888672,0.08566975593566895,0.0023322105407714844,0.015378713607788086,0.0010945796966552734,4.363059997558594e-05,0.00014638900756835938,0.0189971923828125,5.1975250244140625e-05,0.0012960433959960938,0.026270627975463867
602,0.0044519901275634766,0.00030684471130371094,0.08566975593566895,0.002224445343017578,0.02223825454711914,0.0011096000671386719,4.410743713378906e-05,0.0001537799835205078,0.025770902633666992,5.459785461425781e-05,0.0009453296661376953,0.03178572654724121
603,0.004061698913574219,0.00025153160095214844,0.08566975593566895,0.0021800994873046875,0.016210079193115234,0.0011749267578125,4.2438507080078125e-05,0.0001556873321533203,0.019764423370361328,4.5299530029296875e-05,0.0009207725524902344,0.025308609008789062
604,0.004354715347290039,0.0002799034118652344,0.08566975593566895,0.00214385986328125,0.014898538589477539,0.0011899471282958984,3.528594970703125e-05,0.00014662742614746094,0.01841592788696289,5.14984130859375e-05,0.0008606910705566406,0.024199724197387695
605,0.0046350955963134766,0.0002446174621582031,0.08566975593566895,0.0022788047790527344,0.014993906021118164,0.0011799335479736328,4.1484832763671875e-05,0.00013828277587890625,0.018633365631103516,4.5299530029296875e-05,0.0008981227874755859,0.024709701538085938
606,0.008718013763427734,0.0003101825714111328,0.08566975593566895,0.0022051334381103516,0.01685953140258789,0.0011963844299316406,4.0531158447265625e-05,0.00015282630920410156,0.020455360412597656,4.410743713378906e-05,0.0008645057678222656,0.03063821792602539
607,0.0038099288940429688,0.00022172927856445312,0.08566975593566895,0.0018186569213867188,0.01442575454711914,0.001188039779663086,4.38690185546875e-05,0.00015234947204589844,0.017629623413085938,5.221366882324219e-05,0.0008761882781982422,0.02287125587463379
608,0.004083156585693359,0.0002467632293701172,0.08566975593566895,0.0023393630981445312,0.014699459075927734,0.001168966293334961,4.482269287109375e-05,0.0001442432403564453,0.018398046493530273,4.863739013671875e-05,0.0009441375732421875,0.023972272872924805
609,0.0051348209381103516,0.00024080276489257812,0.08566975593566895,0.0022385120391845703,0.014415979385375977,0.0011882781982421875,4.00543212890625e-05,0.00013637542724609375,0.018020153045654297,4.6253204345703125e-05,0.0008392333984375,0.024526357650756836
610,0.004201650619506836,0.0002815723419189453,0.08566975593566895,0.0023326873779296875,0.016644954681396484,0.0011754035949707031,4.792213439941406e-05,0.00013947486877441406,0.020341157913208008,4.76837158203125e-05,0.0008819103240966797,0.025999069213867188
611,0.0037267208099365234,0.0002446174621582031,0.08566975593566895,0.002012491226196289,0.014526128768920898,0.0011777877807617188,4.6253204345703125e-05,0.00014472007751464844,0.01790904998779297,4.3392181396484375e-05,0.0008633136749267578,0.02302837371826172
612,0.004342079162597656,0.00028705596923828125,0.08566975593566895,0.002266407012939453,0.01501321792602539,0.0011951923370361328,4.076957702636719e-05,0.00017118453979492188,0.018688440322875977,4.553794860839844e-05,0.0009691715240478516,0.024605751037597656
613,0.004547595977783203,0.00025582313537597656,0.08566975593566895,0.002382040023803711,0.01508021354675293,0.0011942386627197266,3.838539123535156e-05,0.00014829635620117188,0.018843889236450195,5.507469177246094e-05,0.0012516975402832031,0.025214195251464844
614,0.004532814025878906,0.0003223419189453125,0.08566975593566895,0.0022416114807128906,0.015055656433105469,0.0011591911315917969,4.267692565917969e-05,0.0001647472381591797,0.018665075302124023,5.269050598144531e-05,0.0009038448333740234,0.024751901626586914
615,0.0036804676055908203,0.00022602081298828125,0.08566975593566895,0.0020148754119873047,0.01468038558959961,0.0011622905731201172,3.8623809814453125e-05,0.00013566017150878906,0.01803302764892578,5.2928924560546875e-05,0.0009050369262695312,0.02315545082092285
616,0.004781246185302734,0.0003056526184082031,0.08566975593566895,0.002380847930908203,0.015094995498657227,0.0011675357818603516,4.76837158203125e-05,0.00014638900756835938,0.01883864402770996,4.506111145019531e-05,0.0008971691131591797,0.025115013122558594
617,0.004333972930908203,0.00023889541625976562,0.08566975593566895,0.0024557113647460938,0.015244245529174805,0.001153707504272461,4.76837158203125e-05,0.00014638900756835938,0.019048690795898438,4.863739013671875e-05,0.0009200572967529297,0.024831533432006836
618,0.004456996917724609,0.00025725364685058594,0.08566975593566895,0.0021877288818359375,0.01643061637878418,0.001157522201538086,4.267692565917969e-05,0.0001621246337890625,0.019981861114501953,5.7697296142578125e-05,0.0008943080902099609,0.025914907455444336
619,0.003610849380493164,0.00021004676818847656,0.08566975593566895,0.0020246505737304688,0.014422416687011719,0.0011899471282958984,3.719329833984375e-05,0.0001513957977294922,0.01783132553100586,4.696846008300781e-05,0.000926971435546875,0.02294325828552246
620,0.004538297653198242,0.00023365020751953125,0.08566975593566895,0.0022542476654052734,0.014403104782104492,0.0011749267578125,4.172325134277344e-05,0.0001461505889892578,0.0180208683013916,4.482269287109375e-05,0.0009398460388183594,0.024007081985473633
621,0.0044612884521484375,0.0002455711364746094,0.08566975593566895,0.002198457717895508,0.014490604400634766,0.0012786388397216797,4.3392181396484375e-05,0.00015616416931152344,0.018167734146118164,5.0067901611328125e-05,0.0008823871612548828,0.02406907081604004
622,0.003992795944213867,0.00031566619873046875,0.08566975593566895,0.0023152828216552734,0.014744281768798828,0.0011816024780273438,4.792213439941406e-05,0.00015926361083984375,0.018449068069458008,4.38690185546875e-05,0.0008459091186523438,0.023891925811767578
623,0.0037298202514648438,0.0002224445343017578,0.08566975593566895,0.002231597900390625,0.014406919479370117,0.001186370849609375,4.100799560546875e-05,0.00015974044799804688,0.018027067184448242,4.6253204345703125e-05,0.0008413791656494141,0.023146629333496094
624,0.004397392272949219,0.00026154518127441406,0.08566975593566895,0.0021774768829345703,0.014503955841064453,0.0011911392211914062,3.933906555175781e-05,0.00016117095947265625,0.01807403564453125,4.649162292480469e-05,0.0008575916290283203,0.02388596534729004
625,0.004597663879394531,0.0002105236053466797,0.08566975593566895,0.001962900161743164,0.014422893524169922,0.0011909008026123047,3.504753112792969e-05,0.000152587890625,0.017765522003173828,4.553794860839844e-05,0.0012650489807128906,0.02413654327392578
626,0.0047490596771240234,0.000301361083984375,0.08566975593566895,0.0021953582763671875,0.014479875564575195,0.0011882781982421875,4.124641418457031e-05,0.00015974044799804688,0.018065690994262695,5.078315734863281e-05,0.0009810924530029297,0.024408817291259766
627,0.00398707389831543,0.00023865699768066406,0.08566975593566895,0.0021784305572509766,0.014452695846557617,0.0011730194091796875,4.553794860839844e-05,0.0001373291015625,0.017987966537475586,4.792213439941406e-05,0.001447439193725586,0.023979902267456055
628,0.004576921463012695,0.0002548694610595703,0.08566975593566895,0.0024704933166503906,0.01451873779296875,0.001196146011352539,4.57763671875e-05,0.000148773193359375,0.018381357192993164,4.8160552978515625e-05,0.0010271072387695312,0.024552583694458008
629,0.004792451858520508,0.00023317337036132812,0.08566975593566895,0.0021076202392578125,0.014434337615966797,0.0011837482452392578,4.482269287109375e-05,0.00014281272888183594,0.0179140567779541,4.887580871582031e-05,0.0010755062103271484,0.024335145950317383
630,0.004652738571166992,0.0003752708435058594,0.08566975593566895,0.0030143260955810547,0.024448871612548828,0.004414558410644531,5.650520324707031e-05,0.0001728534698486328,0.03210854530334473,6.318092346191406e-05,0.0019030570983886719,0.03945565223693848
631,0.012484312057495117,0.0005197525024414062,0.08566975593566895,0.019965410232543945,0.032761335372924805,0.001116037368774414,5.53131103515625e-05,0.0001800060272216797,0.05409598350524902,6.365776062011719e-05,0.001238107681274414,0.06871175765991211
632,0.005498170852661133,0.00022649765014648438,0.08591818809509277,0.013454914093017578,0.020692825317382812,0.0011322498321533203,3.6716461181640625e-05,0.0001437664031982422,0.03546142578125,5.1975250244140625e-05,0.000978708267211914,0.04246783256530762
633,0.003994464874267578,0.00021147727966308594,0.08591818809509277,0.013678312301635742,0.015418052673339844,0.001199960708618164,4.696846008300781e-05,0.00016117095947265625,0.03050541877746582,6.771087646484375e-05,0.0009732246398925781,0.036080360412597656
634,0.004277944564819336,0.00021648406982421875,0.08591818809509277,0.019068002700805664,0.015279531478881836,0.0011281967163085938,4.0531158447265625e-05,0.00013637542724609375,0.03565382957458496,4.9591064453125e-05,0.0008759498596191406,0.04130959510803223
635,0.0057489871978759766,0.00020956993103027344,0.08591818809509277,0.013284921646118164,0.015312910079956055,0.0011394023895263672,4.315376281738281e-05,0.00015544891357421875,0.029937028884887695,5.0067901611328125e-05,0.0009636878967285156,0.037157297134399414
636,0.0039691925048828125,0.0001609325408935547,0.08591818809509277,0.018865346908569336,0.014853477478027344,0.001131296157836914,3.528594970703125e-05,0.0001361370086669922,0.035022735595703125,4.887580871582031e-05,0.0009331703186035156,0.04037332534790039
637,0.005106210708618164,0.0001957416534423828,0.08591818809509277,0.017287492752075195,0.018223047256469727,0.0011305809020996094,4.100799560546875e-05,0.00013971328735351562,0.03682279586791992,4.839897155761719e-05,0.0013310909271240234,0.04374814033508301
638,0.003744363784790039,0.00021505355834960938,0.08591818809509277,0.011869668960571289,0.015496015548706055,0.0010879039764404297,4.1484832763671875e-05,0.00014662742614746094,0.028643131256103516,5.650520324707031e-05,0.0008785724639892578,0.03380084037780762
639,0.003602266311645508,0.00021076202392578125,0.08591818809509277,0.01692652702331543,0.015077829360961914,0.0011587142944335938,4.601478576660156e-05,0.00015306472778320312,0.033362627029418945,5.1975250244140625e-05,0.0009675025939941406,0.038466453552246094
640,0.004998207092285156,0.000194549560546875,0.08591818809509277,0.014358758926391602,0.015010595321655273,0.0011453628540039062,4.076957702636719e-05,0.00014901161193847656,0.030705928802490234,5.078315734863281e-05,0.0008692741394042969,0.037055253982543945
641,0.003747224807739258,0.00025081634521484375,0.08591818809509277,0.016483783721923828,0.023829221725463867,0.0009932518005371094,9.775161743164062e-05,0.00028443336486816406,0.04168963432312012,7.295608520507812e-05,0.0014841556549072266,0.04767012596130371
642,0.0055005550384521484,0.0003314018249511719,0.08591818809509277,0.0022335052490234375,0.018615007400512695,0.0011792182922363281,3.6716461181640625e-05,0.00017642974853515625,0.022242069244384766,5.316734313964844e-05,0.0008757114410400391,0.029247283935546875
643,0.0046155452728271484,0.00021982192993164062,0.08591818809509277,0.0019037723541259766,0.014549493789672852,0.0011782646179199219,4.029273986816406e-05,0.000164031982421875,0.0178375244140625,4.696846008300781e-05,0.0009639263153076172,0.0239865779876709
644,0.004411935806274414,0.00026106834411621094,0.08591818809509277,0.0020325183868408203,0.014618396759033203,0.0013477802276611328,4.6253204345703125e-05,0.0001819133758544922,0.018227338790893555,5.435943603515625e-05,0.0010349750518798828,0.024262189865112305
645,0.004595518112182617,0.00024819374084472656,0.08591818809509277,0.0019648075103759766,0.01452779769897461,0.00118255615234375,4.458427429199219e-05,0.0001537799835205078,0.017874717712402344,4.38690185546875e-05,0.0009789466857910156,0.02396869659423828
646,0.004430532455444336,0.0002598762512207031,0.08591818809509277,0.0020089149475097656,0.015773296356201172,0.0012183189392089844,3.886222839355469e-05,0.00015282630920410156,0.019194841384887695,4.76837158203125e-05,0.0009770393371582031,0.025158405303955078
647,0.004167318344116211,0.0002536773681640625,0.08591818809509277,0.002110004425048828,0.021300077438354492,0.00115966796875,3.838539123535156e-05,0.00014829635620117188,0.024757862091064453,4.696846008300781e-05,0.0009350776672363281,0.030387163162231445
648,0.004628181457519531,0.00028824806213378906,0.08591818809509277,0.002309560775756836,0.014960050582885742,0.0011522769927978516,4.315376281738281e-05,0.00015783309936523438,0.018624067306518555,5.1975250244140625e-05,0.000980377197265625,0.024834156036376953
649,0.0047304630279541016,0.00019216537475585938,0.08591818809509277,0.002081155776977539,0.014556884765625,0.0011696815490722656,4.172325134277344e-05,0.00016164779663085938,0.018012046813964844,4.4345855712890625e-05,0.0013799667358398438,0.02459549903869629
650,0.004552125930786133,0.00028324127197265625,0.08591818809509277,0.002293825149536133,0.015100717544555664,0.0011799335479736328,6.604194641113281e-05,0.00014352798461914062,0.01878643035888672,4.601478576660156e-05,0.000989675521850586,0.024897098541259766
651,0.00426173210144043,0.0002396106719970703,0.08591818809509277,0.002105236053466797,0.017181396484375,0.0012030601501464844,4.696846008300781e-05,0.0001552104949951172,0.020693063735961914,5.054473876953125e-05,0.0008909702301025391,0.026395320892333984
652,0.004558563232421875,0.00022935867309570312,0.08591818809509277,0.0021033287048339844,0.016280174255371094,0.0011816024780273438,4.792213439941406e-05,0.00015354156494140625,0.019768238067626953,4.601478576660156e-05,0.0010197162628173828,0.0258634090423584
653,0.004835605621337891,0.00018739700317382812,0.08591818809509277,0.002135753631591797,0.014611005783081055,0.0011754035949707031,3.981590270996094e-05,0.000164031982421875,0.0181272029876709,6.198883056640625e-05,0.0009510517120361328,0.024541616439819336
654,0.004537820816040039,0.0002467632293701172,0.08591818809509277,0.0021469593048095703,0.014958381652832031,0.001186370849609375,4.100799560546875e-05,0.0001385211944580078,0.01847243309020996,4.839897155761719e-05,0.0009462833404541016,0.024488449096679688
655,0.004327535629272461,0.00017452239990234375,0.08591818809509277,0.002040386199951172,0.01437830924987793,0.0011882781982421875,4.267692565917969e-05,0.00015544891357421875,0.017806053161621094,4.57763671875e-05,0.0009436607360839844,0.02353072166442871
656,0.003857135772705078,0.00031638145446777344,0.08591818809509277,0.0022881031036376953,0.014574050903320312,0.0011835098266601562,4.553794860839844e-05,0.0001583099365234375,0.01825118064880371,4.76837158203125e-05,0.0009980201721191406,0.023749828338623047
657,0.003999471664428711,0.0003237724304199219,0.08591818809509277,0.0023953914642333984,0.014473199844360352,0.001201629638671875,3.600120544433594e-05,0.00013399124145507812,0.018241167068481445,5.1021575927734375e-05,0.0008594989776611328,0.023737192153930664
658,0.004498004913330078,0.0003459453582763672,0.08591818809509277,0.0025920867919921875,0.018741846084594727,0.0011792182922363281,4.4345855712890625e-05,0.0001544952392578125,0.022713661193847656,6.103515625e-05,0.0010213851928710938,0.028908967971801758
659,0.0057108402252197266,0.00025725364685058594,0.08591818809509277,0.0024802684783935547,0.01471710205078125,0.0011363029479980469,4.696846008300781e-05,0.00016689300537109375,0.018549203872680664,5.125999450683594e-05,0.0010738372802734375,0.025884628295898438
660,0.004796266555786133,0.0001575946807861328,0.08591818809509277,0.0018627643585205078,0.01607227325439453,0.001165628433227539,3.790855407714844e-05,0.0001404285430908203,0.019280195236206055,5.316734313964844e-05,0.0009617805480957031,0.025518417358398438
661,0.004063844680786133,0.00022554397583007812,0.08591818809509277,0.0019843578338623047,0.01501154899597168,0.0011615753173828125,3.409385681152344e-05,0.0001456737518310547,0.01833796501159668,5.1975250244140625e-05,0.001468658447265625,0.024419784545898438
662,0.005657672882080078,0.0002758502960205078,0.08591818809509277,0.002363443374633789,0.015149116516113281,0.0011818408966064453,4.7206878662109375e-05,0.00014781951904296875,0.018890380859375,4.76837158203125e-05,0.0009412765502929688,0.026082754135131836
663,0.0045969486236572266,0.0002048015594482422,0.08591818809509277,0.002248525619506836,0.014803409576416016,0.0011868476867675781,4.8160552978515625e-05,0.00028824806213378906,0.01857614517211914,4.649162292480469e-05,0.0009136199951171875,0.02458477020263672
664,0.004569053649902344,0.0002789497375488281,0.08591818809509277,0.0021657943725585938,0.014942646026611328,0.0011675357818603516,4.553794860839844e-05,0.0001437664031982422,0.018466472625732422,4.696846008300781e-05,0.0010104179382324219,0.024625778198242188
665,0.0037882328033447266,0.00022149085998535156,0.08591818809509277,0.002233743667602539,0.01459050178527832,0.0011892318725585938,3.8623809814453125e-05,0.000152587890625,0.018205881118774414,4.291534423828125e-05,0.0009131431579589844,0.02342820167541504
666,0.0044362545013427734,0.00025153160095214844,0.08591818809509277,0.002122640609741211,0.015212774276733398,0.001184701919555664,4.267692565917969e-05,0.00015020370483398438,0.018713951110839844,4.9114227294921875e-05,0.0009665489196777344,0.02473282814025879
667,0.004610300064086914,0.0002505779266357422,0.08591818809509277,0.002231121063232422,0.019311189651489258,0.0011653900146484375,5.078315734863281e-05,0.00016045570373535156,0.022920846939086914,4.57763671875e-05,0.0010030269622802734,0.029066801071166992
668,0.0044476985931396484,0.00027871131896972656,0.08591818809509277,0.0023086071014404297,0.01612544059753418,0.0011582374572753906,4.1961669921875e-05,0.000156402587890625,0.019791603088378906,5.745887756347656e-05,0.000982046127319336,0.02585911750793457
669,0.003786802291870117,0.0002079010009765625,0.08591818809509277,0.0020995140075683594,0.01435995101928711,0.0011894702911376953,6.580352783203125e-05,0.00014543533325195312,0.017861127853393555,4.458427429199219e-05,0.0009171962738037109,0.02305293083190918
670,0.0039713382720947266,0.00022602081298828125,0.08591818809509277,0.002493143081665039,0.015729427337646484,0.0012192726135253906,4.315376281738281e-05,0.00017023086547851562,0.01965618133544922,4.38690185546875e-05,0.0009715557098388672,0.025124311447143555
671,0.004741191864013672,0.0002949237823486328,0.08591818809509277,0.0022878646850585938,0.014446258544921875,0.0011827945709228516,4.601478576660156e-05,0.00015854835510253906,0.01812267303466797,4.863739013671875e-05,0.0008966922760009766,0.0243375301361084
672,0.004433870315551758,0.00023555755615234375,0.08591818809509277,0.0021414756774902344,0.014423847198486328,0.001177072525024414,4.172325134277344e-05,0.00014400482177734375,0.017929792404174805,4.839897155761719e-05,0.0010516643524169922,0.02394390106201172
673,0.0037086009979248047,0.00025272369384765625,0.08591818809509277,0.0021979808807373047,0.01463174819946289,0.0012028217315673828,3.719329833984375e-05,0.00015473365783691406,0.018225669860839844,4.887580871582031e-05,0.0014312267303466797,0.023941993713378906
674,0.004589080810546875,0.00021386146545410156,0.08591818809509277,0.002209186553955078,0.014404773712158203,0.0011818408966064453,3.838539123535156e-05,0.0001475811004638672,0.017982959747314453,4.57763671875e-05,0.0009295940399169922,0.02402186393737793
675,0.004507541656494141,0.00027561187744140625,0.08591818809509277,0.0022177696228027344,0.014444112777709961,0.0012035369873046875,3.552436828613281e-05,0.000152587890625,0.018054485321044922,4.57763671875e-05,0.0009632110595703125,0.02410602569580078
676,0.004342555999755859,0.0003337860107421875,0.08591818809509277,0.002397775650024414,0.01464223861694336,0.0011746883392333984,4.506111145019531e-05,0.00016021728515625,0.018421411514282227,4.863739013671875e-05,0.0009100437164306641,0.02429056167602539
677,0.003930568695068359,0.00022411346435546875,0.08591818809509277,0.0020933151245117188,0.01446080207824707,0.0011906623840332031,4.57763671875e-05,0.00014853477478027344,0.01793980598449707,4.76837158203125e-05,0.0014424324035644531,0.02385854721069336
678,0.0042247772216796875,0.00025343894958496094,0.08591818809509277,0.002735137939453125,0.018430233001708984,0.0012061595916748047,4.839897155761719e-05,0.00015664100646972656,0.022577524185180664,4.9114227294921875e-05,0.0010895729064941406,0.028432607650756836
679,0.004434823989868164,0.0002181529998779297,0.08591818809509277,0.0025894641876220703,0.018489837646484375,0.0011632442474365234,3.743171691894531e-05,0.00014925003051757812,0.0224301815032959,5.459785461425781e-05,0.0010139942169189453,0.02842855453491211
680,0.00490117073059082,0.0002377033233642578,0.08591818809509277,0.002054452896118164,0.014302730560302734,0.0011718273162841797,4.029273986816406e-05,0.00016641616821289062,0.017736434936523438,5.555152893066406e-05,0.0009415149688720703,0.024144649505615234
681,0.004141092300415039,0.0002701282501220703,0.08591818809509277,0.0020143985748291016,0.014330387115478516,0.0011906623840332031,4.124641418457031e-05,0.00013875961303710938,0.017716169357299805,4.601478576660156e-05,0.0009200572967529297,0.023359298706054688
682,0.0062503814697265625,0.0003185272216796875,0.08591818809509277,0.002362489700317383,0.014483451843261719,0.0011720657348632812,3.886222839355469e-05,0.00013780593872070312,0.018195629119873047,4.5299530029296875e-05,0.0010602474212646484,0.026134014129638672
683,0.0038619041442871094,0.00028634071350097656,0.08591818809509277,0.0027298927307128906,0.014522552490234375,0.0011937618255615234,3.933906555175781e-05,0.00014662742614746094,0.018632888793945312,4.7206878662109375e-05,0.0009799003601074219,0.024054527282714844
684,0.003812551498413086,0.00023102760314941406,0.08591818809509277,0.002335071563720703,0.01464223861694336,0.0012176036834716797,3.8623809814453125e-05,0.0001423358917236328,0.018377304077148438,5.078315734863281e-05,0.0010991096496582031,0.023815393447875977
685,0.004664421081542969,0.00031280517578125,0.08591818809509277,0.002137899398803711,0.014505147933959961,0.001224517822265625,4.0531158447265625e-05,0.00014543533325195312,0.018054962158203125,4.887580871582031e-05,0.0013155937194824219,0.024669885635375977
686,0.00455927848815918,0.00027751922607421875,0.08591818809509277,0.0021970272064208984,0.02126932144165039,0.0009658336639404297,6.67572021484375e-05,0.00027370452880859375,0.02477431297302246,7.2479248046875e-05,0.0014448165893554688,0.03151059150695801
687,0.004729509353637695,0.0002512931823730469,0.08591818809509277,0.0022733211517333984,0.01668572425842285,0.0011756420135498047,4.482269287109375e-05,0.00014066696166992188,0.020321369171142578,4.887580871582031e-05,0.0010471343994140625,0.026636123657226562
688,0.004491567611694336,0.0002429485321044922,0.08591818809509277,0.0020666122436523438,0.014311552047729492,0.0011811256408691406,4.673004150390625e-05,0.0001571178436279297,0.01776432991027832,4.673004150390625e-05,0.0009779930114746094,0.023763656616210938
689,0.004212379455566406,0.0001957416534423828,0.08591818809509277,0.002000093460083008,0.014405488967895508,0.0011966228485107422,3.933906555175781e-05,0.00015854835510253906,0.017801523208618164,4.3392181396484375e-05,0.0009551048278808594,0.023443222045898438
690,0.00408935546875,0.00032401084899902344,0.08591818809509277,0.002452850341796875,0.01514887809753418,0.0012180805206298828,4.887580871582031e-05,0.00014543533325195312,0.019015073776245117,4.982948303222656e-05,0.0010783672332763672,0.024808168411254883
691,0.00465083122253418,0.00023603439331054688,0.08591818809509277,0.002232074737548828,0.0169980525970459,0.0011980533599853516,4.7206878662109375e-05,0.00015115737915039062,0.020627260208129883,4.792213439941406e-05,0.0009996891021728516,0.02679443359375
692,0.004914283752441406,0.0002372264862060547,0.08591818809509277,0.002123594284057617,0.015042781829833984,0.00119781494140625,4.220008850097656e-05,0.0001461505889892578,0.01855325698852539,5.173683166503906e-05,0.0011165142059326172,0.025135278701782227
693,0.0047495365142822266,0.0002300739288330078,0.08591818809509277,0.0020799636840820312,0.01448202133178711,0.0011887550354003906,4.0531158447265625e-05,0.00016427040100097656,0.017956018447875977,4.744529724121094e-05,0.0009372234344482422,0.024164438247680664
694,0.00448298454284668,0.0002372264862060547,0.08591818809509277,0.0020935535430908203,0.014418840408325195,0.0011942386627197266,4.00543212890625e-05,0.0001499652862548828,0.017897605895996094,4.696846008300781e-05,0.0009877681732177734,0.02390599250793457
695,0.0045511722564697266,0.0002720355987548828,0.08591818809509277,0.002277851104736328,0.015304327011108398,0.0011761188507080078,4.076957702636719e-05,0.0001544952392578125,0.01895451545715332,4.649162292480469e-05,0.0010383129119873047,0.025110244750976562
696,0.00476837158203125,0.00020241737365722656,0.08591818809509277,0.0022797584533691406,0.01660776138305664,0.0011827945709228516,3.743171691894531e-05,0.00015926361083984375,0.02026844024658203,4.7206878662109375e-05,0.0009701251983642578,0.0265047550201416
697,0.00408482551574707,0.00020456314086914062,0.08591818809509277,0.002100706100463867,0.014322996139526367,0.0011820793151855469,3.647804260253906e-05,0.00014925003051757812,0.017792940139770508,5.53131103515625e-05,0.0015106201171875,0.023904085159301758
698,0.004541158676147461,0.00024962425231933594,0.08591818809509277,0.0021393299102783203,0.019478321075439453,0.0011894702911376953,5.1975250244140625e-05,0.0001418590545654297,0.023001909255981445,4.863739013671875e-05,0.0010175704956054688,0.029103755950927734
699,0.0047607421875,0.0002391338348388672,0.08591818809509277,0.002201080322265625,0.014474868774414062,0.0011982917785644531,3.838539123535156e-05,0.0001621246337890625,0.018075227737426758,5.0067901611328125e-05,0.0009500980377197266,0.024338960647583008
700,0.004462003707885742,0.00024247169494628906,0.08591818809509277,0.0034308433532714844,0.027740478515625,0.006638765335083008,0.00012636184692382812,0.0005223751068115234,0.038460731506347656,0.0002486705780029297,0.002435922622680664,0.046959638595581055
701,0.009032249450683594,0.0005433559417724609,0.08591818809509277,0.015289068222045898,0.03196382522583008,0.00110626220703125,5.364418029785156e-05,0.00017952919006347656,0.048593997955322266,6.365776062011719e-05,0.0012307167053222656,0.05975627899169922
702,0.005141496658325195,0.000217437744140625,0.08604645729064941,0.01669597625732422,0.01836109161376953,0.001119852066040039,5.412101745605469e-05,0.00018024444580078125,0.03641176223754883,5.9604644775390625e-05,0.0011622905731201172,0.04325270652770996
703,0.0038251876831054688,0.00016760826110839844,0.08604645729064941,0.009791374206542969,0.01563286781311035,0.001096487045288086,3.8623809814453125e-05,0.00014519691467285156,0.026705265045166016,5.793571472167969e-05,0.0009260177612304688,0.031937599182128906
704,0.003908872604370117,0.00020432472229003906,0.08604645729064941,0.01369619369506836,0.018489360809326172,0.0011489391326904297,4.2438507080078125e-05,0.0001506805419921875,0.03352856636047363,5.221366882324219e-05,0.0009992122650146484,0.03893423080444336
705,0.003989696502685547,0.00018835067749023438,0.08604645729064941,0.018687963485717773,0.014930009841918945,0.0011610984802246094,4.076957702636719e-05,0.00016260147094726562,0.03498339653015137,5.2928924560546875e-05,0.0009462833404541016,0.0404057502746582
706,0.0047495365142822266,0.0002143383026123047,0.08604645729064941,0.01348423957824707,0.015438079833984375,0.0011491775512695312,4.2438507080078125e-05,0.0001494884490966797,0.03026437759399414,4.887580871582031e-05,0.0009987354278564453,0.03651785850524902
707,0.004269123077392578,0.00024819374084472656,0.08604645729064941,0.023601055145263672,0.015038728713989258,0.0011358261108398438,4.3392181396484375e-05,0.0001461505889892578,0.03996634483337402,5.030632019042969e-05,0.0009164810180664062,0.04569268226623535
708,0.004269123077392578,0.0002219676971435547,0.08604645729064941,0.013663053512573242,0.015258073806762695,0.001134634017944336,4.1961669921875e-05,0.00014162063598632812,0.030240535736083984,4.9591064453125e-05,0.0009646415710449219,0.03598809242248535
709,0.0033197402954101562,0.00013446807861328125,0.08604645729064941,0.013744831085205078,0.01525735855102539,0.0011875629425048828,3.9577484130859375e-05,0.00016307830810546875,0.030393362045288086,5.340576171875e-05,0.0016469955444335938,0.03580832481384277
710,0.004716396331787109,0.00024437904357910156,0.08604645729064941,0.012534141540527344,0.015854597091674805,0.0011496543884277344,4.38690185546875e-05,0.0001442432403564453,0.029727697372436523,5.245208740234375e-05,0.0010068416595458984,0.036026954650878906
711,0.004210233688354492,0.000244140625,0.08604645729064941,0.02317023277282715,0.015531778335571289,0.0011403560638427734,4.220008850097656e-05,0.00013780593872070312,0.0400238037109375,4.982948303222656e-05,0.0009424686431884766,0.0457150936126709
712,0.004576206207275391,0.000274658203125,0.08604645729064941,0.002119302749633789,0.014922142028808594,0.0011866092681884766,4.00543212890625e-05,0.00014495849609375,0.01841425895690918,4.3392181396484375e-05,0.0009441375732421875,0.024499177932739258
713,0.0036318302154541016,0.00024509429931640625,0.08604645729064941,0.0019953250885009766,0.014990568161010742,0.0011949539184570312,4.00543212890625e-05,0.00016188621520996094,0.01838374137878418,4.506111145019531e-05,0.0009469985961914062,0.02348637580871582
714,0.0045278072357177734,0.00034046173095703125,0.08604645729064941,0.0021240711212158203,0.017824888229370117,0.0011806488037109375,3.838539123535156e-05,0.0001392364501953125,0.021307706832885742,5.1975250244140625e-05,0.0009799003601074219,0.027458906173706055
715,0.0044209957122802734,0.00030803680419921875,0.08604645729064941,0.0021843910217285156,0.018308162689208984,0.0011789798736572266,4.887580871582031e-05,0.0001595020294189453,0.0218813419342041,4.38690185546875e-05,0.0010197162628173828,0.027910232543945312
716,0.004426479339599609,0.0002663135528564453,0.08604645729064941,0.0021800994873046875,0.016429901123046875,0.0012013912200927734,4.124641418457031e-05,0.0001366138458251953,0.019989967346191406,4.887580871582031e-05,0.0009784698486328125,0.025966882705688477
717,0.003756999969482422,0.00022530555725097656,0.08604645729064941,0.0019991397857666016,0.015033245086669922,0.0011832714080810547,4.029273986816406e-05,0.00014638900756835938,0.018404006958007812,4.76837158203125e-05,0.0009393692016601562,0.02361750602722168
718,0.00492095947265625,0.000240325927734375,0.08604645729064941,0.0021867752075195312,0.015038490295410156,0.0011904239654541016,4.1484832763671875e-05,0.000152587890625,0.01861095428466797,4.744529724121094e-05,0.0009324550628662109,0.025009870529174805
719,0.004578113555908203,0.00025081634521484375,0.08604645729064941,0.002325296401977539,0.01667165756225586,0.0011796951293945312,4.100799560546875e-05,0.00017189979553222656,0.020390748977661133,5.125999450683594e-05,0.0010333061218261719,0.02657318115234375
720,0.004605531692504883,0.00024509429931640625,0.08604645729064941,0.0020513534545898438,0.01611328125,0.0012066364288330078,4.863739013671875e-05,0.00015687942504882812,0.019577741622924805,4.76837158203125e-05,0.0009813308715820312,0.025694608688354492
721,0.003923892974853516,0.0002391338348388672,0.08604645729064941,0.0021295547485351562,0.014905452728271484,0.001195669174194336,4.1484832763671875e-05,0.0001418590545654297,0.018414974212646484,4.482269287109375e-05,0.0015120506286621094,0.02437138557434082
722,0.004811763763427734,0.00026297569274902344,0.08604645729064941,0.002253293991088867,0.015137195587158203,0.001190185546875,3.933906555175781e-05,0.0001544952392578125,0.01877570152282715,4.982948303222656e-05,0.0009272098541259766,0.025060176849365234
723,0.004601716995239258,0.0002739429473876953,0.08604645729064941,0.0021927356719970703,0.016640186309814453,0.0011632442474365234,4.4345855712890625e-05,0.0001728534698486328,0.020214557647705078,5.817413330078125e-05,0.0010330677032470703,0.026471376419067383
724,0.0045702457427978516,0.0003020763397216797,0.08604645729064941,0.0021789073944091797,0.014945268630981445,0.0011870861053466797,4.458427429199219e-05,0.00013399124145507812,0.018491029739379883,5.078315734863281e-05,0.0009610652923583984,0.024616479873657227
725,0.004137277603149414,0.0002491474151611328,0.08604645729064941,0.002177000045776367,0.014994621276855469,0.0011966228485107422,4.76837158203125e-05,0.00015592575073242188,0.01857280731201172,4.8160552978515625e-05,0.0009951591491699219,0.02428126335144043
726,0.004747629165649414,0.00027489662170410156,0.08604645729064941,0.0022704601287841797,0.016098976135253906,0.0012106895446777344,4.482269287109375e-05,0.00014448165893554688,0.01977062225341797,6.794929504394531e-05,0.0009922981262207031,0.0261685848236084
727,0.004719257354736328,0.0002434253692626953,0.08604645729064941,0.0020940303802490234,0.014508485794067383,0.0011813640594482422,4.863739013671875e-05,0.00014829635620117188,0.017982006072998047,4.315376281738281e-05,0.0015401840209960938,0.02477264404296875
728,0.003936767578125,0.00029468536376953125,0.08604645729064941,0.0023229122161865234,0.014671802520751953,0.0011906623840332031,4.57763671875e-05,0.00019669532775878906,0.018429040908813477,5.125999450683594e-05,0.0011172294616699219,0.024079561233520508
729,0.004217386245727539,0.0002200603485107422,0.08604645729064941,0.0020842552185058594,0.014555215835571289,0.001173257827758789,4.124641418457031e-05,0.00017213821411132812,0.01802682876586914,5.173683166503906e-05,0.0009648799896240234,0.023742198944091797
730,0.004473447799682617,0.00026035308837890625,0.08604645729064941,0.0020782947540283203,0.014564752578735352,0.0011858940124511719,4.5299530029296875e-05,0.00017261505126953125,0.018047809600830078,4.4345855712890625e-05,0.0010395050048828125,0.02411055564880371
731,0.004514932632446289,0.00029087066650390625,0.08604645729064941,0.0021033287048339844,0.014482498168945312,0.0012085437774658203,4.506111145019531e-05,0.0001461505889892578,0.01798725128173828,5.745887756347656e-05,0.0011086463928222656,0.024222850799560547
732,0.004980802536010742,0.0002455711364746094,0.08604645729064941,0.0022928714752197266,0.014561176300048828,0.0011515617370605469,4.482269287109375e-05,0.00015163421630859375,0.018202781677246094,5.650520324707031e-05,0.0011944770812988281,0.024939537048339844
733,0.0037779808044433594,0.00023984909057617188,0.08604645729064941,0.002539396286010742,0.01850152015686035,0.001180887222290039,3.9577484130859375e-05,0.0001571178436279297,0.022419452667236328,5.173683166503906e-05,0.001378774642944336,0.028134584426879883
734,0.005016326904296875,0.0002541542053222656,0.08604645729064941,0.002197265625,0.014822244644165039,0.0011608600616455078,4.0531158447265625e-05,0.0001697540283203125,0.018391847610473633,4.887580871582031e-05,0.0009472370147705078,0.024892091751098633
735,0.00468134880065918,0.00026154518127441406,0.08604645729064941,0.0022454261779785156,0.014751434326171875,0.0011713504791259766,4.553794860839844e-05,0.00016164779663085938,0.01837635040283203,4.4345855712890625e-05,0.0010080337524414062,0.024605751037597656
736,0.004516124725341797,0.0002853870391845703,0.08604645729064941,0.002129077911376953,0.014405250549316406,0.0012159347534179688,4.76837158203125e-05,0.00018978118896484375,0.01798868179321289,6.318092346191406e-05,0.0010409355163574219,0.024185895919799805
737,0.00474858283996582,0.0002536773681640625,0.08604645729064941,0.0022666454315185547,0.014500141143798828,0.0012216567993164062,4.267692565917969e-05,0.00015306472778320312,0.018184900283813477,6.914138793945312e-05,0.0009844303131103516,0.024504423141479492
738,0.004039287567138672,0.00035834312438964844,0.08604645729064941,0.002306222915649414,0.014478445053100586,0.0011954307556152344,4.267692565917969e-05,0.00015926361083984375,0.01818370819091797,5.054473876953125e-05,0.0009183883666992188,0.02381420135498047
739,0.0052030086517333984,0.0002779960632324219,0.08604645729064941,0.0022470951080322266,0.014427661895751953,0.0011959075927734375,4.100799560546875e-05,0.0001590251922607422,0.018071889877319336,4.363059997558594e-05,0.0010030269622802734,0.024854421615600586
740,0.004430055618286133,0.00021910667419433594,0.08604645729064941,0.002101898193359375,0.014537811279296875,0.0012025833129882812,4.57763671875e-05,0.00014281272888183594,0.018031597137451172,4.5299530029296875e-05,0.0009043216705322266,0.023891687393188477
741,0.004376411437988281,0.00022363662719726562,0.08604645729064941,0.002321481704711914,0.014443397521972656,0.0011839866638183594,4.5299530029296875e-05,0.0001544952392578125,0.018149375915527344,5.14984130859375e-05,0.0009794235229492188,0.024059534072875977
742,0.004369497299194336,0.00021529197692871094,0.08604645729064941,0.0024330615997314453,0.014538764953613281,0.0011878013610839844,3.647804260253906e-05,0.00013399124145507812,0.018331050872802734,4.76837158203125e-05,0.0009195804595947266,0.024142026901245117
743,0.004636526107788086,0.0002598762512207031,0.08604645729064941,0.002227783203125,0.01454305648803711,0.0011928081512451172,4.696846008300781e-05,0.0001633167266845703,0.01817488670349121,4.5299530029296875e-05,0.0010035037994384766,0.024385690689086914
744,0.004524946212768555,0.0002658367156982422,0.08604645729064941,0.0021474361419677734,0.01444387435913086,0.0011911392211914062,4.458427429199219e-05,0.00014138221740722656,0.017969131469726562,4.649162292480469e-05,0.001100778579711914,0.024152517318725586
745,0.0043675899505615234,0.0002033710479736328,0.08604645729064941,0.0019843578338623047,0.014509201049804688,0.0011608600616455078,4.076957702636719e-05,0.0001513957977294922,0.017847537994384766,5.078315734863281e-05,0.001354217529296875,0.024074554443359375
746,0.004403591156005859,0.00025963783264160156,0.08604645729064941,0.002195596694946289,0.014531135559082031,0.0011830329895019531,4.935264587402344e-05,0.00015592575073242188,0.018115758895874023,4.458427429199219e-05,0.0009393692016601562,0.024012327194213867
747,0.004624128341674805,0.0002982616424560547,0.08604645729064941,0.002144336700439453,0.014517068862915039,0.0012140274047851562,4.744529724121094e-05,0.0001575946807861328,0.0180819034576416,4.887580871582031e-05,0.0009748935699462891,0.024273395538330078
748,0.004712104797363281,0.0002923011779785156,0.08604645729064941,0.002175569534301758,0.014443159103393555,0.001194000244140625,3.504753112792969e-05,0.00015664100646972656,0.0180051326751709,4.363059997558594e-05,0.0009050369262695312,0.024214744567871094
749,0.003999948501586914,0.000255584716796875,0.08604645729064941,0.0022461414337158203,0.01440739631652832,0.0011897087097167969,3.838539123535156e-05,0.00015091896057128906,0.018033266067504883,4.76837158203125e-05,0.0009920597076416016,0.02357316017150879
750,0.00470733642578125,0.0002803802490234375,0.08604645729064941,0.0021829605102539062,0.014429092407226562,0.0011982917785644531,3.5762786865234375e-05,0.00014710426330566406,0.01799464225769043,4.744529724121094e-05,0.0009248256683349609,0.0242154598236084
751,0.004724025726318359,0.0002570152282714844,0.08604645729064941,0.00240325927734375,0.014518499374389648,0.0011777877807617188,4.57763671875e-05,0.00015020370483398438,0.018296241760253906,4.8160552978515625e-05,0.001007080078125,0.02458477020263672
752,0.0046880245208740234,0.00025081634521484375,0.08604645729064941,0.0023040771484375,0.01457071304321289,0.0011909008026123047,4.00543212890625e-05,0.000164031982421875,0.01827096939086914,4.935264587402344e-05,0.0009171962738037109,0.02443218231201172
753,0.0043163299560546875,0.00016760826110839844,0.08604645729064941,0.0018622875213623047,0.014435291290283203,0.0011835098266601562,4.1961669921875e-05,0.00015115737915039062,0.017676115036010742,4.649162292480469e-05,0.00099945068359375,0.02344036102294922
754,0.0044171810150146484,0.00023221969604492188,0.08604645729064941,0.0022242069244384766,0.014420270919799805,0.0011909008026123047,3.3855438232421875e-05,0.0001456737518310547,0.01801586151123047,4.506111145019531e-05,0.0009005069732666016,0.02386927604675293
755,0.003916501998901367,0.0002467632293701172,0.08604645729064941,0.002330303192138672,0.014628410339355469,0.0011739730834960938,4.1484832763671875e-05,0.00015091896057128906,0.018326282501220703,4.8160552978515625e-05,0.0009624958038330078,0.023738622665405273
756,0.004014015197753906,0.00022554397583007812,0.08604645729064941,0.0024559497833251953,0.015424728393554688,0.0011870861053466797,4.458427429199219e-05,0.00013566017150878906,0.019249677658081055,5.245208740234375e-05,0.0009098052978515625,0.024703502655029297
757,0.003506183624267578,0.0001461505889892578,0.08604645729064941,0.001758575439453125,0.014374256134033203,0.0012068748474121094,4.220008850097656e-05,0.00014734268188476562,0.017530441284179688,5.459785461425781e-05,0.001478433609008789,0.02298760414123535
758,0.004624128341674805,0.00020551681518554688,0.08604645729064941,0.0020189285278320312,0.014574527740478516,0.0011794567108154297,4.1961669921875e-05,0.00016260147094726562,0.017978429794311523,5.2928924560546875e-05,0.0009005069732666016,0.024033546447753906
759,0.005026340484619141,0.000232696533203125,0.08604645729064941,0.002231597900390625,0.01441645622253418,0.001209259033203125,4.172325134277344e-05,0.0001609325408935547,0.018060922622680664,4.3392181396484375e-05,0.0009126663208007812,0.024540185928344727
760,0.004538536071777344,0.00027251243591308594,0.08604645729064941,0.002156972885131836,0.014650583267211914,0.0011775493621826172,4.2438507080078125e-05,0.00013971328735351562,0.01816868782043457,4.601478576660156e-05,0.0009744167327880859,0.02423548698425293
761,0.004959583282470703,0.00022268295288085938,0.08604645729064941,0.002092123031616211,0.014815330505371094,0.001168966293334961,3.6716461181640625e-05,0.00015473365783691406,0.01826930046081543,4.8160552978515625e-05,0.0009427070617675781,0.024706602096557617
762,0.004418611526489258,0.00023984909057617188,0.08604645729064941,0.0019750595092773438,0.01553964614868164,0.0011658668518066406,3.9577484130859375e-05,0.00014925003051757812,0.018869876861572266,5.14984130859375e-05,0.0008869171142578125,0.02474045753479004
763,0.004604816436767578,0.000247955322265625,0.08604645729064941,0.0021224021911621094,0.014980077743530273,0.0011920928955078125,4.363059997558594e-05,0.0001456737518310547,0.018485307693481445,5.0067901611328125e-05,0.0008945465087890625,0.024526357650756836
764,0.004351615905761719,0.0003070831298828125,0.08604645729064941,0.001999378204345703,0.015064716339111328,0.0011837482452392578,4.673004150390625e-05,0.00014972686767578125,0.018445253372192383,4.38690185546875e-05,0.0009539127349853516,0.024341106414794922
765,0.0034332275390625,0.0002028942108154297,0.08604645729064941,0.0017971992492675781,0.017075061798095703,0.0011653900146484375,7.128715515136719e-05,0.00015425682067871094,0.020264387130737305,4.7206878662109375e-05,0.0009763240814208984,0.0251619815826416
766,0.004325389862060547,0.0002543926239013672,0.08604645729064941,0.0018513202667236328,0.01638507843017578,0.0012745857238769531,4.4345855712890625e-05,0.00014543533325195312,0.01970219612121582,4.8160552978515625e-05,0.0009417533874511719,0.02553272247314453
767,0.0038352012634277344,0.0002453327178955078,0.08604645729064941,0.002291440963745117,0.015538454055786133,0.0012249946594238281,4.410743713378906e-05,0.0001423358917236328,0.019242048263549805,4.839897155761719e-05,0.00095367431640625,0.02457404136657715
768,0.004245281219482422,0.0002601146697998047,0.08604645729064941,0.0019631385803222656,0.014987707138061523,0.0011668205261230469,4.100799560546875e-05,0.0001544952392578125,0.018313884735107422,4.458427429199219e-05,0.0009448528289794922,0.024073123931884766
769,0.0034999847412109375,0.00022840499877929688,0.08604645729064941,0.0019230842590332031,0.019211530685424805,0.0011725425720214844,4.887580871582031e-05,0.00016117095947265625,0.022517919540405273,4.363059997558594e-05,0.0014917850494384766,0.028056859970092773
770,0.004878997802734375,0.0003094673156738281,0.08604645729064941,0.002769947052001953,0.022913455963134766,0.0018897056579589844,5.078315734863281e-05,0.0004775524139404297,0.02810215950012207,5.4836273193359375e-05,0.0017421245574951172,0.03567957878112793
771,0.008547782897949219,0.0003578662872314453,0.08604645729064941,0.027436494827270508,0.03626060485839844,0.001132965087890625,4.744529724121094e-05,0.00015616416931152344,0.06503534317016602,6.151199340820312e-05,0.0010733604431152344,0.07537102699279785
772,0.005562305450439453,0.00028824806213378906,0.0924844741821289,0.017977476119995117,0.01531672477722168,0.0011239051818847656,4.410743713378906e-05,0.00014472007751464844,0.034607648849487305,5.269050598144531e-05,0.0009889602661132812,0.04175257682800293
773,0.003255605697631836,0.0002071857452392578,0.0924844741821289,0.01363682746887207,0.015398740768432617,0.0011458396911621094,4.315376281738281e-05,0.00015735626220703125,0.03038311004638672,5.1975250244140625e-05,0.0009264945983886719,0.035079240798950195
774,0.006204128265380859,0.0002090930938720703,0.0924844741821289,0.01181650161743164,0.016425132751464844,0.0011332035064697266,5.7220458984375e-05,0.0001785755157470703,0.029611587524414062,6.103515625e-05,0.0011451244354248047,0.03751969337463379
775,0.004073619842529297,0.0002162456512451172,0.0924844741821289,0.017102956771850586,0.01546788215637207,0.0011401176452636719,5.364418029785156e-05,0.0001862049102783203,0.033951759338378906,6.031990051269531e-05,0.0011334419250488281,0.03969740867614746
776,0.003940105438232422,0.00023245811462402344,0.0924844741821289,0.014535903930664062,0.015493392944335938,0.0011224746704101562,4.57763671875e-05,0.00016641616821289062,0.03136563301086426,5.841255187988281e-05,0.0011365413665771484,0.036986351013183594
777,0.003228902816772461,0.00023555755615234375,0.0924844741821289,0.013247489929199219,0.015460014343261719,0.0011403560638427734,5.364418029785156e-05,0.00016927719116210938,0.03007221221923828,5.7220458984375e-05,0.0016655921936035156,0.035517215728759766
778,0.0038788318634033203,0.00013136863708496094,0.0924844741821289,0.012174129486083984,0.015242338180541992,0.0010919570922851562,3.3855438232421875e-05,0.0001556873321533203,0.028699636459350586,5.245208740234375e-05,0.0010814666748046875,0.03409266471862793
779,0.004084348678588867,0.00017595291137695312,0.0924844741821289,0.01673579216003418,0.017549514770507812,0.001226663589477539,4.029273986816406e-05,0.00014662742614746094,0.035700321197509766,7.43865966796875e-05,0.0009763240814208984,0.041271209716796875
780,0.004399299621582031,0.000225067138671875,0.0924844741821289,0.012107372283935547,0.014411211013793945,0.0011582374572753906,3.6716461181640625e-05,0.00014352798461914062,0.02785778045654297,5.3882598876953125e-05,0.001149892807006836,0.033949851989746094
781,0.0038988590240478516,0.0002562999725341797,0.0924844741821289,0.015818357467651367,0.01800394058227539,0.0011510848999023438,3.790855407714844e-05,0.00014162063598632812,0.035153865814208984,5.53131103515625e-05,0.001333475112915039,0.04096031188964844
782,0.004485368728637695,0.00023627281188964844,0.0924844741821289,0.013207197189331055,0.018434762954711914,0.0011739730834960938,4.363059997558594e-05,0.0001709461212158203,0.03303170204162598,5.221366882324219e-05,0.001009225845336914,0.039049386978149414
783,0.005022287368774414,0.0002732276916503906,0.0924844741821289,0.0021932125091552734,0.0162200927734375,0.0011715888977050781,5.793571472167969e-05,0.0001583099365234375,0.019802093505859375,4.9591064453125e-05,0.0009379386901855469,0.02633380889892578
784,0.004789113998413086,0.00026416778564453125,0.0924844741821289,0.0020897388458251953,0.014583110809326172,0.0012810230255126953,4.839897155761719e-05,0.00015473365783691406,0.018157958984375,5.030632019042969e-05,0.000993490219116211,0.024497032165527344
785,0.00440526008605957,0.00021910667419433594,0.0924844741821289,0.0020508766174316406,0.01483607292175293,0.001069784164428711,3.981590270996094e-05,0.00016355514526367188,0.018161296844482422,5.745887756347656e-05,0.0009799003601074219,0.024079322814941406
786,0.004597187042236328,0.0002071857452392578,0.0924844741821289,0.0022101402282714844,0.016854524612426758,0.0012426376342773438,4.482269287109375e-05,0.00013875961303710938,0.020491600036621094,5.1975250244140625e-05,0.001043558120727539,0.026641130447387695
787,0.004609823226928711,0.0002841949462890625,0.0924844741821289,0.0020112991333007812,0.015275955200195312,0.0011746883392333984,4.744529724121094e-05,0.00014328956604003906,0.01865410804748535,4.792213439941406e-05,0.0009407997131347656,0.024796247482299805
788,0.004599094390869141,0.00024008750915527344,0.0924844741821289,0.0024831295013427734,0.014970064163208008,0.0011439323425292969,4.76837158203125e-05,0.0001533031463623047,0.018799304962158203,5.435943603515625e-05,0.0009894371032714844,0.024957656860351562
789,0.004254579544067383,0.00021791458129882812,0.0924844741821289,0.0020055770874023438,0.01435708999633789,0.0011959075927734375,4.0531158447265625e-05,0.0001518726348876953,0.017751693725585938,5.221366882324219e-05,0.0009074211120605469,0.023430824279785156
790,0.004627227783203125,0.0002512931823730469,0.0924844741821289,0.002117156982421875,0.014448404312133789,0.0012221336364746094,4.315376281738281e-05,0.00015091896057128906,0.01798272132873535,5.435943603515625e-05,0.0010242462158203125,0.024203777313232422
791,0.0046956539154052734,0.0002994537353515625,0.0924844741821289,0.0021190643310546875,0.014482498168945312,0.0011785030364990234,4.696846008300781e-05,0.00017547607421875,0.018003463745117188,4.649162292480469e-05,0.0010254383087158203,0.0243072509765625
792,0.004395961761474609,0.0003058910369873047,0.0924844741821289,0.002384662628173828,0.01462554931640625,0.0011792182922363281,4.38690185546875e-05,0.00014591217041015625,0.018380403518676758,4.887580871582031e-05,0.0009799003601074219,0.024356842041015625
793,0.004363059997558594,0.00023412704467773438,0.0924844741821289,0.0020809173583984375,0.014506816864013672,0.001184701919555664,4.673004150390625e-05,0.00015687942504882812,0.017977476119995117,4.410743713378906e-05,0.0014789104461669922,0.024351835250854492
794,0.005385637283325195,0.00022172927856445312,0.0924844741821289,0.002341032028198242,0.01454472541809082,0.0011553764343261719,3.838539123535156e-05,0.00015473365783691406,0.018235206604003906,4.3392181396484375e-05,0.0009667873382568359,0.02508378028869629
795,0.004606485366821289,0.0002846717834472656,0.0924844741821289,0.002310037612915039,0.014477968215942383,0.0012125968933105469,4.0531158447265625e-05,0.00013399124145507812,0.01817607879638672,4.5299530029296875e-05,0.0009391307830810547,0.024312734603881836
796,0.0044689178466796875,0.00022482872009277344,0.0924844741821289,0.0023543834686279297,0.015100479125976562,0.0011739730834960938,3.790855407714844e-05,0.0001399517059326172,0.01880812644958496,5.054473876953125e-05,0.0009424686431884766,0.02475285530090332
797,0.0038826465606689453,0.0002429485321044922,0.0924844741821289,0.0020797252655029297,0.0150299072265625,0.0011894702911376953,3.933906555175781e-05,0.000164031982421875,0.01850271224975586,4.673004150390625e-05,0.0008757114410400391,0.023802757263183594
798,0.0042040348052978516,0.00031757354736328125,0.0924844741821289,0.0024788379669189453,0.014630317687988281,0.001169443130493164,5.054473876953125e-05,0.00015974044799804688,0.01849079132080078,5.054473876953125e-05,0.0009632110595703125,0.024273395538330078
799,0.004517316818237305,0.00026679039001464844,0.0924844741821289,0.002341032028198242,0.01447439193725586,0.0011811256408691406,4.029273986816406e-05,0.00017333030700683594,0.01821160316467285,4.792213439941406e-05,0.0009033679962158203,0.024207353591918945
800,0.003527402877807617,0.0002071857452392578,0.0924844741821289,0.0022711753845214844,0.014935493469238281,0.0011708736419677734,4.7206878662109375e-05,0.00017309188842773438,0.01859903335571289,4.863739013671875e-05,0.0009698867797851562,0.02359485626220703
801,0.004791736602783203,0.000274658203125,0.0924844741821289,0.0021855831146240234,0.014364957809448242,0.0011780261993408203,4.029273986816406e-05,0.000148773193359375,0.01791834831237793,4.887580871582031e-05,0.0009076595306396484,0.024189233779907227
802,0.003742694854736328,0.00024199485778808594,0.0924844741821289,0.0023076534271240234,0.014515876770019531,0.0011892318725585938,4.744529724121094e-05,0.00014925003051757812,0.018210411071777344,4.9591064453125e-05,0.000957489013671875,0.023461580276489258
803,0.004713773727416992,0.00031280517578125,0.0924844741821289,0.0021941661834716797,0.01445460319519043,0.0011909008026123047,3.910064697265625e-05,0.00014734268188476562,0.01802682876586914,4.7206878662109375e-05,0.0009095668792724609,0.02426934242248535
804,0.0042607784271240234,0.00025725364685058594,0.0924844741821289,0.0022063255310058594,0.014635324478149414,0.0012121200561523438,6.222724914550781e-05,0.00015306472778320312,0.018270254135131836,4.839897155761719e-05,0.0009582042694091797,0.02405071258544922
805,0.004421710968017578,0.0003006458282470703,0.0924844741821289,0.0020706653594970703,0.01455068588256836,0.0011806488037109375,4.458427429199219e-05,0.0001590251922607422,0.01800680160522461,4.673004150390625e-05,0.0014824867248535156,0.02449655532836914
806,0.0050160884857177734,0.00028324127197265625,0.0924844741821289,0.002519845962524414,0.014939546585083008,0.0011627674102783203,3.9577484130859375e-05,0.00020122528076171875,0.01886463165283203,6.365776062011719e-05,0.0010578632354736328,0.025602340698242188
807,0.004586219787597656,0.000217437744140625,0.0924844741821289,0.0026700496673583984,0.01687479019165039,0.0011644363403320312,4.792213439941406e-05,0.000156402587890625,0.020915508270263672,5.507469177246094e-05,0.000978708267211914,0.02700638771057129
808,0.004609823226928711,0.0002598762512207031,0.0924844741821289,0.0024001598358154297,0.016893625259399414,0.0011904239654541016,4.863739013671875e-05,0.0001494884490966797,0.02068352699279785,4.6253204345703125e-05,0.0009512901306152344,0.02679133415222168
809,0.004652261734008789,0.00014734268188476562,0.0924844741821289,0.0019037723541259766,0.01443028450012207,0.0011882781982421875,3.838539123535156e-05,0.00016236305236816406,0.017724037170410156,5.2928924560546875e-05,0.0010199546813964844,0.023845434188842773
810,0.004621982574462891,0.0002617835998535156,0.0924844741821289,0.0023603439331054688,0.015128850936889648,0.0011997222900390625,4.458427429199219e-05,0.00014710426330566406,0.018881797790527344,5.1975250244140625e-05,0.0009605884552001953,0.025025367736816406
811,0.004645109176635742,0.0002338886260986328,0.0924844741821289,0.0021486282348632812,0.01832294464111328,0.001173257827758789,4.0531158447265625e-05,0.0001761913299560547,0.021862506866455078,4.863739013671875e-05,0.0009872913360595703,0.028053760528564453
812,0.004648923873901367,0.0002593994140625,0.0924844741821289,0.002110719680786133,0.014382123947143555,0.001188039779663086,3.933906555175781e-05,0.00015616416931152344,0.01787734031677246,4.76837158203125e-05,0.0009217262268066406,0.024017810821533203
813,0.0038547515869140625,0.0002224445343017578,0.0924844741821289,0.0020961761474609375,0.01443934440612793,0.0012323856353759766,3.62396240234375e-05,0.00013899803161621094,0.0179440975189209,4.887580871582031e-05,0.0010037422180175781,0.023313045501708984
814,0.004607439041137695,0.0003306865692138672,0.0924844741821289,0.002213001251220703,0.014577388763427734,0.0011916160583496094,3.9577484130859375e-05,0.000152587890625,0.018175125122070312,5.125999450683594e-05,0.0009407997131347656,0.024430513381958008
815,0.004450798034667969,0.0002586841583251953,0.0924844741821289,0.0022721290588378906,0.01473855972290039,0.0011968612670898438,3.647804260253906e-05,0.00014066696166992188,0.018386125564575195,4.6253204345703125e-05,0.0009441375732421875,0.024329423904418945
816,0.004257678985595703,0.00025773048400878906,0.0924844741821289,0.0021054744720458984,0.014485836029052734,0.0011899471282958984,3.24249267578125e-05,0.00014543533325195312,0.017960309982299805,4.649162292480469e-05,0.0009398460388183594,0.023697853088378906
817,0.003771543502807617,0.0002353191375732422,0.0924844741821289,0.0020914077758789062,0.014575004577636719,0.0011873245239257812,3.719329833984375e-05,0.00015091896057128906,0.01804375648498535,4.792213439941406e-05,0.0013725757598876953,0.023708343505859375
818,0.004436016082763672,0.0002472400665283203,0.0924844741821289,0.0021619796752929688,0.014487266540527344,0.0012006759643554688,4.1484832763671875e-05,0.0001590251922607422,0.0180511474609375,5.078315734863281e-05,0.0010724067687988281,0.02412271499633789
819,0.004633188247680664,0.00032019615173339844,0.0924844741821289,0.0022077560424804688,0.014513254165649414,0.0011949539184570312,4.267692565917969e-05,0.0001513957977294922,0.018110990524291992,5.125999450683594e-05,0.0009579658508300781,0.024329185485839844
820,0.004261970520019531,0.0002636909484863281,0.0924844741821289,0.0021507740020751953,0.01453089714050293,0.0011830329895019531,4.172325134277344e-05,0.0001399517059326172,0.018046855926513672,4.57763671875e-05,0.000949859619140625,0.023811817169189453
821,0.0038733482360839844,0.0002002716064453125,0.0924844741821289,0.0022094249725341797,0.014532804489135742,0.0011878013610839844,4.124641418457031e-05,0.00014710426330566406,0.01811957359313965,4.6253204345703125e-05,0.0009639263153076172,0.023436784744262695
822,0.004400730133056641,0.00023818016052246094,0.0924844741821289,0.002170085906982422,0.014528274536132812,0.001194000244140625,4.76837158203125e-05,0.00015616416931152344,0.0180971622467041,4.8160552978515625e-05,0.0009534358978271484,0.024007558822631836
823,0.0037412643432617188,0.00021505355834960938,0.0924844741821289,0.002086162567138672,0.014722824096679688,0.0011630058288574219,3.62396240234375e-05,0.00014328956604003906,0.018152475357055664,4.57763671875e-05,0.0009715557098388672,0.023357629776000977
824,0.00487828254699707,0.0002739429473876953,0.0924844741821289,0.002776622772216797,0.014619588851928711,0.001184225082397461,4.267692565917969e-05,0.00016164779663085938,0.018785715103149414,4.482269287109375e-05,0.0008885860443115234,0.025124311447143555
825,0.0036003589630126953,0.00021314620971679688,0.0924844741821289,0.0021054744720458984,0.014471292495727539,0.0011837482452392578,4.291534423828125e-05,0.00014209747314453125,0.017946243286132812,4.506111145019531e-05,0.0009360313415527344,0.022982120513916016
826,0.004328489303588867,0.0002722740173339844,0.0924844741821289,0.002293109893798828,0.014497041702270508,0.0011899471282958984,4.029273986816406e-05,0.00014257431030273438,0.01816415786743164,4.601478576660156e-05,0.0008835792541503906,0.02393651008605957
827,0.003738880157470703,0.00023174285888671875,0.0924844741821289,0.0025627613067626953,0.015785694122314453,0.0011966228485107422,3.981590270996094e-05,0.000171661376953125,0.019757747650146484,5.125999450683594e-05,0.001413583755493164,0.025450468063354492
828,0.004556894302368164,0.0002243518829345703,0.0924844741821289,0.002096414566040039,0.014447689056396484,0.00115966796875,4.553794860839844e-05,0.00014209747314453125,0.01789259910583496,4.696846008300781e-05,0.0009710788726806641,0.023962020874023438
829,0.003709077835083008,0.0002498626708984375,0.0924844741821289,0.0020411014556884766,0.015053987503051758,0.0011861324310302734,4.887580871582031e-05,0.00014781951904296875,0.018478870391845703,4.863739013671875e-05,0.0015716552734375,0.0243070125579834
830,0.0038056373596191406,0.0003097057342529297,0.0924844741821289,0.002467632293701172,0.014608383178710938,0.0011851787567138672,5.0067901611328125e-05,0.0001533031463623047,0.018465518951416016,4.935264587402344e-05,0.0009872913360595703,0.02386331558227539
831,0.004644632339477539,0.00022530555725097656,0.0924844741821289,0.002153158187866211,0.014519453048706055,0.0011935234069824219,4.100799560546875e-05,0.00015592575073242188,0.018064498901367188,4.792213439941406e-05,0.0009546279907226562,0.024225473403930664
832,0.0044612884521484375,0.00026607513427734375,0.0924844741821289,0.0022192001342773438,0.014559507369995117,0.0011849403381347656,4.649162292480469e-05,0.0001430511474609375,0.018154621124267578,4.3392181396484375e-05,0.00098419189453125,0.024155855178833008
833,0.0035941600799560547,0.00022125244140625,0.0924844741821289,0.0020983219146728516,0.014411687850952148,0.001207113265991211,4.1484832763671875e-05,0.0001513957977294922,0.01791095733642578,4.839897155761719e-05,0.0009000301361083984,0.02292776107788086
834,0.004212379455566406,0.0002582073211669922,0.0924844741821289,0.002180814743041992,0.014567375183105469,0.001184225082397461,4.553794860839844e-05,0.0001575946807861328,0.01813673973083496,4.8160552978515625e-05,0.0009829998016357422,0.02391648292541504
835,0.0044977664947509766,0.00025844573974609375,0.0924844741821289,0.0023932456970214844,0.014561891555786133,0.0011715888977050781,4.5299530029296875e-05,0.00015282630920410156,0.018326282501220703,4.76837158203125e-05,0.0009794235229492188,0.024370431900024414
836,0.004622220993041992,0.00023603439331054688,0.0924844741821289,0.0021653175354003906,0.014434099197387695,0.0011889934539794922,4.0531158447265625e-05,0.0001590251922607422,0.017988920211791992,4.291534423828125e-05,0.000972747802734375,0.024114131927490234
837,0.0037679672241210938,0.0002334117889404297,0.0924844741821289,0.002297639846801758,0.017333507537841797,0.0012090206146240234,4.9114227294921875e-05,0.00013709068298339844,0.021027565002441406,4.76837158203125e-05,0.0009522438049316406,0.02627086639404297
838,0.004336118698120117,0.0002455711364746094,0.0924844741821289,0.0022118091583251953,0.015095233917236328,0.0011775493621826172,3.528594970703125e-05,0.00015115737915039062,0.01867222785949707,4.57763671875e-05,0.0009748935699462891,0.02452397346496582
839,0.004818916320800781,0.00023818016052246094,0.0924844741821289,0.002228260040283203,0.014511585235595703,0.0011749267578125,4.458427429199219e-05,0.00013971328735351562,0.018100738525390625,4.9591064453125e-05,0.0010058879852294922,0.024466991424560547
840,0.004427433013916016,0.00033926963806152344,0.0924844741821289,0.002855539321899414,0.023010969161987305,0.0018849372863769531,0.00017881393432617188,0.000484466552734375,0.028415918350219727,6.437301635742188e-05,0.0025768280029296875,0.03631782531738281
841,0.006494283676147461,0.0016896724700927734,0.0924844741821289,0.01792120933532715,0.03723883628845215,0.0011444091796875,5.602836608886719e-05,0.00017833709716796875,0.05654096603393555,6.914138793945312e-05,0.0016624927520751953,0.06681108474731445
842,0.005005598068237305,0.00023674964904785156,0.08290219306945801,0.022031307220458984,0.015472412109375,0.0011336803436279297,4.553794860839844e-05,0.0001697540283203125,0.03885364532470703,5.8650970458984375e-05,0.00118255615234375,0.045599937438964844
843,0.0062139034271240234,0.0002124309539794922,0.08290219306945801,0.020222187042236328,0.02091073989868164,0.0011363029479980469,5.7697296142578125e-05,0.0001862049102783203,0.04251408576965332,6.365776062011719e-05,0.0012774467468261719,0.05056500434875488
844,0.005052328109741211,0.0001926422119140625,0.08290219306945801,0.01182699203491211,0.018238306045532227,0.0011296272277832031,4.220008850097656e-05,0.0001480579376220703,0.03138613700866699,5.412101745605469e-05,0.0009870529174804688,0.03792691230773926
845,0.003687620162963867,0.00021839141845703125,0.08290219306945801,0.026189327239990234,0.019149065017700195,0.0012021064758300781,5.412101745605469e-05,0.00017976760864257812,0.04677534103393555,6.079673767089844e-05,0.0011169910430908203,0.05215024948120117
846,0.003864288330078125,0.00022554397583007812,0.08290219306945801,0.028832435607910156,0.016741514205932617,0.0011200904846191406,4.744529724121094e-05,0.000171661376953125,0.04691433906555176,5.888938903808594e-05,0.0011758804321289062,0.05251669883728027
847,0.004158973693847656,0.00018978118896484375,0.08290219306945801,0.01604628562927246,0.01553201675415039,0.0011451244354248047,5.412101745605469e-05,0.0001742839813232422,0.03295278549194336,6.008148193359375e-05,0.001178741455078125,0.03880000114440918
848,0.004199981689453125,0.00020813941955566406,0.08290219306945801,0.020174264907836914,0.01510930061340332,0.001188516616821289,4.458427429199219e-05,0.00014781951904296875,0.03666520118713379,5.3882598876953125e-05,0.001058816909790039,0.04246258735656738
849,0.0044367313385009766,0.0002067089080810547,0.08290219306945801,0.012633562088012695,0.023812294006347656,0.0009601116180419922,6.461143493652344e-05,0.0002713203430175781,0.037743568420410156,7.295608520507812e-05,0.0013947486877441406,0.04421353340148926
850,0.004895687103271484,0.0002627372741699219,0.08290219306945801,0.003581523895263672,0.02405691146850586,0.0010137557983398438,6.461143493652344e-05,0.0002758502960205078,0.028994321823120117,7.390975952148438e-05,0.0014116764068603516,0.0360262393951416
851,0.0051937103271484375,0.00016546249389648438,0.08290219306945801,0.002172231674194336,0.014754295349121094,0.0011684894561767578,4.220008850097656e-05,0.0001633167266845703,0.01830124855041504,4.8160552978515625e-05,0.001031637191772461,0.024973154067993164
852,0.005220890045166016,0.00025773048400878906,0.08290219306945801,0.0021843910217285156,0.016284465789794922,0.0012431144714355469,6.270408630371094e-05,0.0001881122589111328,0.019963979721069336,5.650520324707031e-05,0.0009806156158447266,0.02674555778503418
853,0.004376888275146484,0.0002033710479736328,0.08290219306945801,0.001973390579223633,0.015235662460327148,0.0011112689971923828,3.814697265625e-05,0.00015306472778320312,0.018512725830078125,5.364418029785156e-05,0.0014140605926513672,0.024818897247314453
854,0.004725456237792969,0.00025725364685058594,0.08290219306945801,0.0022923946380615234,0.015042781829833984,0.0011713504791259766,4.6253204345703125e-05,0.00014662742614746094,0.018700599670410156,4.76837158203125e-05,0.0009770393371582031,0.024975299835205078
855,0.004567623138427734,0.00023984909057617188,0.08290219306945801,0.002326488494873047,0.01822662353515625,0.0011696815490722656,4.696846008300781e-05,0.000152587890625,0.021923303604125977,4.601478576660156e-05,0.0010132789611816406,0.02802753448486328
856,0.004528999328613281,0.0002505779266357422,0.08290219306945801,0.002080202102661133,0.014564990997314453,0.0011713504791259766,4.363059997558594e-05,0.00015878677368164062,0.018019914627075195,4.601478576660156e-05,0.0009799003601074219,0.0240933895111084
857,0.004578351974487305,0.0001437664031982422,0.08290219306945801,0.0020952224731445312,0.014842033386230469,0.0009012222290039062,4.172325134277344e-05,0.00015592575073242188,0.018037080764770508,5.6743621826171875e-05,0.0010116100311279297,0.0240936279296875
858,0.004929542541503906,0.0003154277801513672,0.08290219306945801,0.0022306442260742188,0.014487981796264648,0.0011785030364990234,4.267692565917969e-05,0.00015592575073242188,0.0180971622467041,5.5789947509765625e-05,0.0011570453643798828,0.024812698364257812
859,0.0048062801361083984,0.000179290771484375,0.08290219306945801,0.0020928382873535156,0.01450967788696289,0.0011355876922607422,3.886222839355469e-05,0.00014734268188476562,0.017925262451171875,4.38690185546875e-05,0.0010721683502197266,0.024277210235595703
860,0.003537416458129883,0.00017499923706054688,0.08290219306945801,0.0018110275268554688,0.014375448226928711,0.0011785030364990234,4.5299530029296875e-05,0.00016355514526367188,0.017574310302734375,5.1021575927734375e-05,0.0010061264038085938,0.02259659767150879
861,0.0038132667541503906,0.00021219253540039062,0.08290219306945801,0.0018193721771240234,0.014331579208374023,0.0012145042419433594,6.866455078125e-05,0.0001652240753173828,0.01760077476501465,5.5789947509765625e-05,0.0011053085327148438,0.02306389808654785
862,0.004618167877197266,0.00023698806762695312,0.08290219306945801,0.0022630691528320312,0.015035390853881836,0.0012094974517822266,3.790855407714844e-05,0.00015735626220703125,0.01870417594909668,4.696846008300781e-05,0.0010504722595214844,0.024909496307373047
863,0.004477977752685547,0.00017118453979492188,0.08290219306945801,0.0022203922271728516,0.015111446380615234,0.0011930465698242188,3.814697265625e-05,0.00016260147094726562,0.018726587295532227,4.5299530029296875e-05,0.0009686946868896484,0.024657487869262695
864,0.004436492919921875,0.00026035308837890625,0.08290219306945801,0.002307891845703125,0.017705202102661133,0.0011601448059082031,4.839897155761719e-05,0.00014853477478027344,0.02137160301208496,4.76837158203125e-05,0.0009441375732421875,0.027318716049194336
865,0.0036439895629882812,0.0002028942108154297,0.08290219306945801,0.0019617080688476562,0.01459503173828125,0.0011913776397705078,4.4345855712890625e-05,0.00016069412231445312,0.017954587936401367,5.030632019042969e-05,0.0013875961303710938,0.023466825485229492
866,0.00449061393737793,0.00022459030151367188,0.08290219306945801,0.0021827220916748047,0.015738487243652344,0.0011751651763916016,4.863739013671875e-05,0.00015997886657714844,0.019305706024169922,5.125999450683594e-05,0.0009562969207763672,0.025287151336669922
867,0.004619121551513672,0.0002655982971191406,0.08290219306945801,0.0023620128631591797,0.01432943344116211,0.0011968612670898438,4.363059997558594e-05,0.00014066696166992188,0.01807379722595215,5.054473876953125e-05,0.0009799003601074219,0.024245262145996094
868,0.004400968551635742,0.000244140625,0.08290219306945801,0.0021848678588867188,0.014460563659667969,0.0011818408966064453,3.981590270996094e-05,0.0001423358917236328,0.018010616302490234,4.839897155761719e-05,0.00093841552734375,0.023893117904663086
869,0.0037889480590820312,0.000171661376953125,0.08290219306945801,0.002054929733276367,0.014446258544921875,0.0012102127075195312,4.267692565917969e-05,0.00015735626220703125,0.017913103103637695,5.269050598144531e-05,0.0009918212890625,0.023157596588134766
870,0.004531383514404297,0.0002887248992919922,0.08290219306945801,0.002189159393310547,0.015097379684448242,0.0011844635009765625,4.100799560546875e-05,0.00014328956604003906,0.018656492233276367,4.601478576660156e-05,0.0009860992431640625,0.024750471115112305
871,0.00446629524230957,0.00023674964904785156,0.08290219306945801,0.002169370651245117,0.01462697982788086,0.0011751651763916016,3.266334533691406e-05,0.0001518726348876953,0.018157005310058594,4.601478576660156e-05,0.0009865760803222656,0.024117708206176758
872,0.004330158233642578,0.000186920166015625,0.08290219306945801,0.0021333694458007812,0.015250682830810547,0.0011980533599853516,4.3392181396484375e-05,0.0002727508544921875,0.01889944076538086,4.863739013671875e-05,0.0009839534759521484,0.02470564842224121
873,0.003983497619628906,0.00027561187744140625,0.08290219306945801,0.002232789993286133,0.01472926139831543,0.0011622905731201172,4.00543212890625e-05,0.000156402587890625,0.018322229385375977,4.363059997558594e-05,0.0009789466857910156,0.023847579956054688
874,0.004167079925537109,0.00021409988403320312,0.08290219306945801,0.0020384788513183594,0.014486551284790039,0.001172780990600586,4.2438507080078125e-05,0.00014066696166992188,0.01788187026977539,4.744529724121094e-05,0.0011677742004394531,0.02372145652770996
875,0.004604816436767578,0.00019216537475585938,0.08290219306945801,0.0022666454315185547,0.014581441879272461,0.0011720657348632812,4.482269287109375e-05,0.000152587890625,0.0182187557220459,4.8160552978515625e-05,0.0009717941284179688,0.02430129051208496
876,0.0044476985931396484,0.0002307891845703125,0.08290219306945801,0.002162456512451172,0.015677690505981445,0.0011713504791259766,4.100799560546875e-05,0.00014638900756835938,0.01920008659362793,4.887580871582031e-05,0.00099945068359375,0.025170564651489258
877,0.004051923751831055,0.0001964569091796875,0.08290219306945801,0.0020668506622314453,0.014669418334960938,0.0011992454528808594,4.100799560546875e-05,0.00015091896057128906,0.018129348754882812,5.53131103515625e-05,0.001489400863647461,0.02420830726623535
878,0.004619121551513672,0.00025844573974609375,0.08290219306945801,0.002305269241333008,0.014641761779785156,0.0010828971862792969,3.981590270996094e-05,0.0001380443572998047,0.01820850372314453,5.2928924560546875e-05,0.0010030269622802734,0.02441883087158203
879,0.00497126579284668,0.00022029876708984375,0.08290219306945801,0.0024080276489257812,0.01452016830444336,0.0013535022735595703,4.839897155761719e-05,0.0001704692840576172,0.018502235412597656,5.316734313964844e-05,0.0010132789611816406,0.02507781982421875
880,0.0047969818115234375,0.00029850006103515625,0.08290219306945801,0.002427816390991211,0.015346050262451172,0.001191854476928711,4.5299530029296875e-05,0.00015020370483398438,0.01916217803955078,5.5789947509765625e-05,0.0010035037994384766,0.025589704513549805
881,0.004677295684814453,0.0002276897430419922,0.08290219306945801,0.0023899078369140625,0.014711380004882812,0.0011763572692871094,4.1961669921875e-05,0.00016355514526367188,0.018484830856323242,5.316734313964844e-05,0.0010099411010742188,0.024719953536987305
882,0.004486560821533203,0.0002624988555908203,0.08290219306945801,0.0022492408752441406,0.014539241790771484,0.0011873245239257812,4.38690185546875e-05,0.0001423358917236328,0.01816248893737793,4.601478576660156e-05,0.0009984970092773438,0.02419734001159668
883,0.004546642303466797,0.0002052783966064453,0.08290219306945801,0.004034757614135742,0.014456748962402344,0.0011844635009765625,4.1961669921875e-05,0.00015115737915039062,0.019870281219482422,4.482269287109375e-05,0.0009875297546386719,0.025888919830322266
884,0.00452423095703125,0.00025773048400878906,0.08290219306945801,0.0022535324096679688,0.014510631561279297,0.0011987686157226562,3.4809112548828125e-05,0.00015044212341308594,0.018149614334106445,5.030632019042969e-05,0.0009582042694091797,0.024203062057495117
885,0.00433659553527832,0.00021576881408691406,0.08290219306945801,0.0020210742950439453,0.014450550079345703,0.001203775405883789,3.9577484130859375e-05,0.00013685226440429688,0.017852783203125,4.38690185546875e-05,0.0009632110595703125,0.023653030395507812
886,0.004382133483886719,0.00024819374084472656,0.08290219306945801,0.0021572113037109375,0.014491081237792969,0.0011913776397705078,4.458427429199219e-05,0.00014138221740722656,0.018026351928710938,4.839897155761719e-05,0.0009610652923583984,0.023913145065307617
887,0.004500389099121094,0.0002009868621826172,0.08290219306945801,0.0022041797637939453,0.01514577865600586,0.0011801719665527344,4.0531158447265625e-05,0.00015115737915039062,0.0187227725982666,4.696846008300781e-05,0.0009570121765136719,0.02466130256652832
888,0.005146026611328125,0.0002465248107910156,0.08290219306945801,0.002199888229370117,0.014758825302124023,0.0011992454528808594,4.172325134277344e-05,0.00018072128295898438,0.018381595611572266,4.458427429199219e-05,0.0011036396026611328,0.025172948837280273
889,0.004186391830444336,0.00021457672119140625,0.08290219306945801,0.002129077911376953,0.014736652374267578,0.001194000244140625,4.124641418457031e-05,0.0001404285430908203,0.018242835998535156,4.7206878662109375e-05,0.0013530254364013672,0.02429342269897461
890,0.0047833919525146484,0.00020384788513183594,0.08290219306945801,0.0021805763244628906,0.014612913131713867,0.001173257827758789,4.410743713378906e-05,0.0001499652862548828,0.018162012100219727,4.4345855712890625e-05,0.0009808540344238281,0.024414539337158203
891,0.004681587219238281,0.00023889541625976562,0.08290219306945801,0.002095460891723633,0.01448822021484375,0.001199960708618164,3.910064697265625e-05,0.00015044212341308594,0.0179746150970459,4.482269287109375e-05,0.0009326934814453125,0.024118423461914062
892,0.004381656646728516,0.00023984909057617188,0.08290219306945801,0.0020864009857177734,0.014535188674926758,0.0011920928955078125,4.1484832763671875e-05,0.00014400482177734375,0.01800084114074707,4.5299530029296875e-05,0.0009093284606933594,0.023836612701416016
893,0.0042340755462646484,0.00016069412231445312,0.08290219306945801,0.002026081085205078,0.014571428298950195,0.0012035369873046875,4.076957702636719e-05,0.00015997886657714844,0.018002748489379883,5.1021575927734375e-05,0.0009381771087646484,0.02365851402282715
894,0.004701375961303711,0.0002155303955078125,0.08290219306945801,0.002209186553955078,0.01450657844543457,0.0011837482452392578,3.981590270996094e-05,0.00015425682067871094,0.018094301223754883,4.649162292480469e-05,0.0009329319000244141,0.024253129959106445
895,0.004068851470947266,0.0003669261932373047,0.08290219306945801,0.00229644775390625,0.014637470245361328,0.0011744499206542969,4.00543212890625e-05,0.00014829635620117188,0.018297672271728516,4.5299530029296875e-05,0.0009372234344482422,0.024000167846679688
896,0.004431247711181641,0.0002472400665283203,0.08290219306945801,0.0022172927856445312,0.014482259750366211,0.00118255615234375,4.482269287109375e-05,0.00015425682067871094,0.018082380294799805,4.863739013671875e-05,0.0009527206420898438,0.024001121520996094
897,0.004441738128662109,0.0001709461212158203,0.08290219306945801,0.001971006393432617,0.014580726623535156,0.0011873245239257812,3.814697265625e-05,0.000152587890625,0.01793074607849121,4.649162292480469e-05,0.0009524822235107422,0.02378249168395996
898,0.004708766937255859,0.0002601146697998047,0.08290219306945801,0.0023822784423828125,0.014606952667236328,0.0011703968048095703,4.00543212890625e-05,0.00013589859008789062,0.018336772918701172,5.0067901611328125e-05,0.0009908676147460938,0.024598360061645508
899,0.0046041011810302734,0.00020956993103027344,0.08290219306945801,0.0021047592163085938,0.014586925506591797,0.001199483871459961,3.337860107421875e-05,0.00014519691467285156,0.01807093620300293,4.76837158203125e-05,0.0009603500366210938,0.024161815643310547
900,0.004620075225830078,0.00021386146545410156,0.08290219306945801,0.0021512508392333984,0.014605283737182617,0.001142263412475586,4.100799560546875e-05,0.00015878677368164062,0.018099546432495117,4.38690185546875e-05,0.0009202957153320312,0.024161338806152344
901,0.0041980743408203125,0.0002238750457763672,0.08290219306945801,0.002158641815185547,0.014580011367797852,0.0012247562408447266,3.981590270996094e-05,0.00015282630920410156,0.018157005310058594,4.4345855712890625e-05,0.0015287399291992188,0.024376392364501953
902,0.004405498504638672,0.0002238750457763672,0.08290219306945801,0.0021741390228271484,0.014480829238891602,0.0011944770812988281,4.0531158447265625e-05,0.00013518333435058594,0.018026113510131836,4.696846008300781e-05,0.0009369850158691406,0.023914337158203125
903,0.0046045780181884766,0.0002560615539550781,0.08290219306945801,0.002204418182373047,0.016203880310058594,0.00115203857421875,3.814697265625e-05,0.00014591217041015625,0.0197451114654541,5.030632019042969e-05,0.0009489059448242188,0.025853395462036133
904,0.004531383514404297,0.0002491474151611328,0.08290219306945801,0.0020668506622314453,0.014433622360229492,0.0011899471282958984,3.457069396972656e-05,0.00014090538024902344,0.01786661148071289,4.601478576660156e-05,0.0009396076202392578,0.023918867111206055
905,0.0049800872802734375,0.000186920166015625,0.08290219306945801,0.002225637435913086,0.015054702758789062,0.001180887222290039,3.790855407714844e-05,0.00014352798461914062,0.018643617630004883,4.38690185546875e-05,0.0009982585906982422,0.025098323822021484
906,0.004533052444458008,0.0002319812774658203,0.08290219306945801,0.002201080322265625,0.01507425308227539,0.0011832714080810547,4.649162292480469e-05,0.00015616416931152344,0.018662691116333008,5.030632019042969e-05,0.0009295940399169922,0.024651765823364258
907,0.0043375492095947266,0.00021147727966308594,0.08290219306945801,0.00270843505859375,0.015340566635131836,0.0011777877807617188,3.8623809814453125e-05,0.00015306472778320312,0.01941967010498047,4.482269287109375e-05,0.0009307861328125,0.025188207626342773
908,0.004588127136230469,0.00023508071899414062,0.08290219306945801,0.002312183380126953,0.01454019546508789,0.0011892318725585938,4.0531158447265625e-05,0.00013637542724609375,0.018219709396362305,4.673004150390625e-05,0.0009315013885498047,0.024267911911010742
909,0.0036497116088867188,0.00020456314086914062,0.08290219306945801,0.0019330978393554688,0.014348506927490234,0.0011925697326660156,3.981590270996094e-05,0.00016045570373535156,0.01767587661743164,4.863739013671875e-05,0.0008866786956787109,0.02272176742553711
910,0.004410505294799805,0.00032591819763183594,0.08290219306945801,0.003242015838623047,0.024573564529418945,0.004324436187744141,5.1975250244140625e-05,0.0001785755157470703,0.03237175941467285,6.628036499023438e-05,0.0017895698547363281,0.03933143615722656
911,0.011916399002075195,0.0006086826324462891,0.08290219306945801,0.019711732864379883,0.030194759368896484,0.001131296157836914,5.0067901611328125e-05,0.0001895427703857422,0.05127859115600586,6.365776062011719e-05,0.001203775405883789,0.06540513038635254
912,0.005276203155517578,0.0002086162567138672,0.08438324928283691,0.00906229019165039,0.015446662902832031,0.0011315345764160156,4.5299530029296875e-05,0.00016641616821289062,0.025853633880615234,6.198883056640625e-05,0.001074075698852539,0.03273653984069824
913,0.0041124820709228516,0.00017333030700683594,0.08438324928283691,0.013441324234008789,0.01548314094543457,0.0011339187622070312,5.2928924560546875e-05,0.00018215179443359375,0.03029465675354004,5.698204040527344e-05,0.0016443729400634766,0.03654193878173828
914,0.005943775177001953,0.000194549560546875,0.08438324928283691,0.012977361679077148,0.017734289169311523,0.0011506080627441406,4.1484832763671875e-05,0.0001556873321533203,0.03206062316894531,5.435943603515625e-05,0.0008862018585205078,0.03939557075500488
915,0.005478382110595703,0.0001823902130126953,0.08438324928283691,0.013033866882324219,0.015439510345458984,0.0011510848999023438,4.38690185546875e-05,0.000156402587890625,0.029825687408447266,5.412101745605469e-05,0.0009195804595947266,0.036718130111694336
916,0.004077911376953125,0.00020837783813476562,0.08438324928283691,0.029653310775756836,0.015477418899536133,0.0011432170867919922,6.103515625e-05,0.00017952919006347656,0.04651641845703125,6.008148193359375e-05,0.001064300537109375,0.05219697952270508
917,0.003945112228393555,0.0001900196075439453,0.08438324928283691,0.018641948699951172,0.02109217643737793,0.0011174678802490234,5.626678466796875e-05,0.0001780986785888672,0.04108715057373047,6.365776062011719e-05,0.001081705093383789,0.04662942886352539
918,0.004006147384643555,0.00022411346435546875,0.08438324928283691,0.018810510635375977,0.018399953842163086,0.0011267662048339844,5.555152893066406e-05,0.0001850128173828125,0.03857898712158203,5.936622619628906e-05,0.0010728836059570312,0.044194698333740234
919,0.0038461685180664062,0.00020432472229003906,0.08438324928283691,0.009817361831665039,0.015029191970825195,0.0012121200561523438,4.458427429199219e-05,0.00014328956604003906,0.026247262954711914,5.316734313964844e-05,0.0009047985076904297,0.03152012825012207
920,0.004364013671875,0.0002338886260986328,0.08438324928283691,0.013723373413085938,0.01495814323425293,0.0011487007141113281,4.267692565917969e-05,0.0001633167266845703,0.030037879943847656,5.078315734863281e-05,0.0008790493011474609,0.03582596778869629
921,0.0036301612854003906,0.00024127960205078125,0.08438324928283691,0.012678146362304688,0.014956474304199219,0.0011599063873291016,4.6253204345703125e-05,0.00015592575073242188,0.02899789810180664,5.91278076171875e-05,0.0009272098541259766,0.03411149978637695
922,0.004404306411743164,0.00024628639221191406,0.08438324928283691,0.0018901824951171875,0.015073299407958984,0.0011751651763916016,4.839897155761719e-05,0.00014972686767578125,0.018337488174438477,5.745887756347656e-05,0.0009119510650634766,0.0242311954498291
923,0.004339694976806641,0.00032138824462890625,0.08438324928283691,0.002203702926635742,0.015145301818847656,0.0011739730834960938,4.673004150390625e-05,0.0001468658447265625,0.018717288970947266,4.76837158203125e-05,0.0009021759033203125,0.024585247039794922
924,0.0035080909729003906,0.00020313262939453125,0.08438324928283691,0.0026221275329589844,0.015155792236328125,0.0011794567108154297,3.910064697265625e-05,0.00015091896057128906,0.01914834976196289,4.863739013671875e-05,0.0008842945098876953,0.024046659469604492
925,0.0040035247802734375,0.0002048015594482422,0.08438324928283691,0.0021407604217529297,0.014934062957763672,0.001184225082397461,4.649162292480469e-05,0.0001652240753173828,0.018471479415893555,6.365776062011719e-05,0.0013115406036376953,0.024405956268310547
926,0.004404544830322266,0.000247955322265625,0.08438324928283691,0.0021848678588867188,0.014419078826904297,0.0011620521545410156,3.933906555175781e-05,0.00014352798461914062,0.017949819564819336,4.696846008300781e-05,0.0008575916290283203,0.023772478103637695
927,0.004402637481689453,0.0002942085266113281,0.08438324928283691,0.0020585060119628906,0.014457941055297852,0.0011758804321289062,4.220008850097656e-05,0.00016260147094726562,0.0178985595703125,4.649162292480469e-05,0.0015146732330322266,0.024402379989624023
928,0.004468202590942383,0.0002415180206298828,0.08438324928283691,0.0019712448120117188,0.01445627212524414,0.0011608600616455078,4.410743713378906e-05,0.00015282630920410156,0.017786502838134766,4.553794860839844e-05,0.0009508132934570312,0.02374863624572754
929,0.003821134567260742,0.00021123886108398438,0.08438324928283691,0.0019497871398925781,0.014463186264038086,0.001195669174194336,4.124641418457031e-05,0.00014901161193847656,0.01779961585998535,4.4345855712890625e-05,0.0009539127349853516,0.023084163665771484
930,0.004405021667480469,0.0002446174621582031,0.08438324928283691,0.001972198486328125,0.014596939086914062,0.0011539459228515625,4.5299530029296875e-05,0.0001430511474609375,0.01791238784790039,4.267692565917969e-05,0.001020669937133789,0.023863792419433594
931,0.004568815231323242,0.0002334117889404297,0.08438324928283691,0.002010822296142578,0.014753580093383789,0.0011601448059082031,4.100799560546875e-05,0.00014853477478027344,0.01811504364013672,4.458427429199219e-05,0.0009770393371582031,0.02419137954711914
932,0.004585981369018555,0.00027251243591308594,0.08438324928283691,0.0019576549530029297,0.014440298080444336,0.0011734962463378906,3.886222839355469e-05,0.000156402587890625,0.017767906188964844,5.14984130859375e-05,0.0008933544158935547,0.023813962936401367
933,0.0036935806274414062,0.00023698806762695312,0.08438324928283691,0.0018939971923828125,0.015074729919433594,0.0011899471282958984,3.981590270996094e-05,0.00016999244689941406,0.018369436264038086,4.8160552978515625e-05,0.000888824462890625,0.02348470687866211
934,0.004433393478393555,0.0002307891845703125,0.08438324928283691,0.002051115036010742,0.015067338943481445,0.001177072525024414,4.553794860839844e-05,0.00014328956604003906,0.018485307693481445,4.363059997558594e-05,0.0008993148803710938,0.02432537078857422
935,0.004282712936401367,0.00025200843811035156,0.08438324928283691,0.0020117759704589844,0.016772031784057617,0.0011720657348632812,4.3392181396484375e-05,0.00014853477478027344,0.020148515701293945,4.553794860839844e-05,0.0009434223175048828,0.025923728942871094
936,0.004436016082763672,0.00024628639221191406,0.08438324928283691,0.0019063949584960938,0.014626264572143555,0.0011692047119140625,5.14984130859375e-05,0.00016069412231445312,0.017915010452270508,4.76837158203125e-05,0.0009462833404541016,0.023846864700317383
937,0.0038819313049316406,0.0002639293670654297,0.08438324928283691,0.002073526382446289,0.01451253890991211,0.0011718273162841797,4.1484832763671875e-05,0.00017833709716796875,0.01797962188720703,5.054473876953125e-05,0.0013926029205322266,0.023809432983398438
938,0.0042307376861572266,0.00027871131896972656,0.08438324928283691,0.002020597457885742,0.014404058456420898,0.001192331314086914,3.337860107421875e-05,0.00014710426330566406,0.017798185348510742,4.2438507080078125e-05,0.0008952617645263672,0.023500442504882812
939,0.003784656524658203,0.00023174285888671875,0.08438324928283691,0.0027620792388916016,0.022185325622558594,0.0009646415710449219,6.747245788574219e-05,0.0002734661102294922,0.026254653930664062,7.176399230957031e-05,0.0013718605041503906,0.032093048095703125
940,0.0051381587982177734,0.00024366378784179688,0.08438324928283691,0.0020377635955810547,0.014424800872802734,0.0012078285217285156,4.315376281738281e-05,0.00013828277587890625,0.0178530216217041,5.14984130859375e-05,0.000881195068359375,0.024419546127319336
941,0.004426240921020508,0.00028824806213378906,0.08438324928283691,0.002002239227294922,0.014458417892456055,0.0011839866638183594,3.9577484130859375e-05,0.00015592575073242188,0.017840862274169922,4.267692565917969e-05,0.0008766651153564453,0.023713111877441406
942,0.004467964172363281,0.0002224445343017578,0.08438324928283691,0.0021238327026367188,0.014664173126220703,0.0011780261993408203,4.172325134277344e-05,0.00015282630920410156,0.01816105842590332,4.744529724121094e-05,0.0008740425109863281,0.02402949333190918
943,0.0045316219329833984,0.00023365020751953125,0.08438324928283691,0.002093791961669922,0.014496564865112305,0.0011830329895019531,4.00543212890625e-05,0.00016641616821289062,0.01798081398010254,5.1021575927734375e-05,0.0008797645568847656,0.023927688598632812
944,0.0044972896575927734,0.0002434253692626953,0.08438324928283691,0.002168416976928711,0.014531135559082031,0.0011892318725585938,4.887580871582031e-05,0.00014495849609375,0.018084287643432617,4.76837158203125e-05,0.0010061264038085938,0.02415752410888672
945,0.00438690185546875,0.00020074844360351562,0.08438324928283691,0.002162456512451172,0.014565229415893555,0.0011744499206542969,4.506111145019531e-05,0.00014138221740722656,0.01808953285217285,4.267692565917969e-05,0.0008783340454101562,0.023838281631469727
946,0.0045299530029296875,0.0002276897430419922,0.08438324928283691,0.002260446548461914,0.01455235481262207,0.0012233257293701172,6.031990051269531e-05,0.00015592575073242188,0.018253326416015625,4.863739013671875e-05,0.0009071826934814453,0.024216651916503906
947,0.0046482086181640625,0.0002396106719970703,0.08438324928283691,0.002282381057739258,0.014478445053100586,0.0011761188507080078,7.009506225585938e-05,0.00014090538024902344,0.018149375915527344,4.5299530029296875e-05,0.0008776187896728516,0.02419757843017578
948,0.004322052001953125,0.0002655982971191406,0.08438324928283691,0.0021445751190185547,0.014501810073852539,0.0011980533599853516,5.4836273193359375e-05,0.00014066696166992188,0.018040895462036133,4.649162292480469e-05,0.0008733272552490234,0.023795127868652344
949,0.004416704177856445,0.00020551681518554688,0.08438324928283691,0.0021505355834960938,0.014503002166748047,0.0011780261993408203,3.743171691894531e-05,0.00016880035400390625,0.018039226531982422,4.363059997558594e-05,0.0012784004211425781,0.02422046661376953
950,0.004404544830322266,0.00027179718017578125,0.08438324928283691,0.002321004867553711,0.014488935470581055,0.0011930465698242188,3.647804260253906e-05,0.00017833709716796875,0.018218517303466797,4.744529724121094e-05,0.0008661746978759766,0.024088621139526367
951,0.005129575729370117,0.00023508071899414062,0.08438324928283691,0.002202272415161133,0.01445770263671875,0.0011856555938720703,4.076957702636719e-05,0.00016760826110839844,0.018054962158203125,4.6253204345703125e-05,0.0009365081787109375,0.024651050567626953
952,0.004556417465209961,0.0002846717834472656,0.08438324928283691,0.0022132396697998047,0.014530181884765625,0.0011723041534423828,4.363059997558594e-05,0.0001704692840576172,0.01813054084777832,5.3882598876953125e-05,0.0009317398071289062,0.02425098419189453
953,0.005379676818847656,0.0002796649932861328,0.08438324928283691,0.002155780792236328,0.014470577239990234,0.0011744499206542969,4.0531158447265625e-05,0.000156402587890625,0.01799917221069336,4.9591064453125e-05,0.0008714199066162109,0.02482318878173828
954,0.004378080368041992,0.0002586841583251953,0.08438324928283691,0.0021915435791015625,0.014480829238891602,0.0012559890747070312,4.100799560546875e-05,0.00015854835510253906,0.018129348754882812,4.7206878662109375e-05,0.0009415149688720703,0.024004697799682617
955,0.003711223602294922,0.00021791458129882812,0.08438324928283691,0.0018951892852783203,0.014703035354614258,0.0012238025665283203,4.458427429199219e-05,0.00015425682067871094,0.018021821975708008,5.984306335449219e-05,0.0010857582092285156,0.023360490798950195
956,0.005236625671386719,0.0002791881561279297,0.08438324928283691,0.002171754837036133,0.014741897583007812,0.0012025833129882812,4.57763671875e-05,0.0001671314239501953,0.018330097198486328,5.8650970458984375e-05,0.0009355545043945312,0.02512836456298828
957,0.005166053771972656,0.00021457672119140625,0.08438324928283691,0.0017592906951904297,0.014414787292480469,0.0011906623840332031,4.5299530029296875e-05,0.00015974044799804688,0.017570972442626953,5.555152893066406e-05,0.0009753704071044922,0.024259328842163086
958,0.004365444183349609,0.00016951560974121094,0.08438324928283691,0.0019092559814453125,0.015067338943481445,0.0012099742889404297,3.981590270996094e-05,0.00016164779663085938,0.01838970184326172,4.5299530029296875e-05,0.0008747577667236328,0.02407693862915039
959,0.004629373550415039,0.00022339820861816406,0.08438324928283691,0.0019783973693847656,0.015051603317260742,0.0011897087097167969,4.673004150390625e-05,0.00014543533325195312,0.018412351608276367,4.5299530029296875e-05,0.0009336471557617188,0.02449941635131836
960,0.0042591094970703125,0.00022792816162109375,0.08438324928283691,0.0019958019256591797,0.014540433883666992,0.0011715888977050781,4.76837158203125e-05,0.00016236305236816406,0.017918825149536133,4.935264587402344e-05,0.001001596450805664,0.0237271785736084
961,0.0033516883850097656,0.0002117156982421875,0.08438324928283691,0.001886129379272461,0.015044450759887695,0.0011789798736572266,4.124641418457031e-05,0.00014972686767578125,0.01830148696899414,4.291534423828125e-05,0.0013298988342285156,0.023473739624023438
962,0.00411224365234375,0.0002574920654296875,0.08438324928283691,0.001967191696166992,0.014435052871704102,0.001178741455078125,3.6716461181640625e-05,0.00014543533325195312,0.01776409149169922,4.220008850097656e-05,0.0008332729339599609,0.02324199676513672
963,0.00443267822265625,0.0002593994140625,0.08438324928283691,0.00206756591796875,0.014483928680419922,0.0011773109436035156,7.534027099609375e-05,0.00014734268188476562,0.017952442169189453,4.76837158203125e-05,0.0008831024169921875,0.023835420608520508
964,0.00542759895324707,0.0003371238708496094,0.08438324928283691,0.0021660327911376953,0.014527559280395508,0.0011687278747558594,4.1961669921875e-05,0.00017023086547851562,0.01807546615600586,4.744529724121094e-05,0.0008966922760009766,0.025038957595825195
965,0.003414154052734375,0.00019812583923339844,0.08438324928283691,0.0019876956939697266,0.01451563835144043,0.0011715888977050781,4.863739013671875e-05,0.0001423358917236328,0.017867088317871094,4.458427429199219e-05,0.0009443759918212891,0.022716999053955078
966,0.0043299198150634766,0.0002338886260986328,0.08438324928283691,0.0022001266479492188,0.014568328857421875,0.0011777877807617188,4.57763671875e-05,0.00015544891357421875,0.01814866065979004,4.7206878662109375e-05,0.0008676052093505859,0.023875951766967773
967,0.004233837127685547,0.000255584716796875,0.08438324928283691,0.002166271209716797,0.014424562454223633,0.0011768341064453125,4.482269287109375e-05,0.0001533031463623047,0.01796722412109375,4.2438507080078125e-05,0.0009381771087646484,0.023671388626098633
968,0.004369497299194336,0.0002377033233642578,0.08438324928283691,0.0019834041595458984,0.014485836029052734,0.0011916160583496094,4.38690185546875e-05,0.0001404285430908203,0.01784658432006836,4.482269287109375e-05,0.0008552074432373047,0.023609638214111328
969,0.004774570465087891,0.00018668174743652344,0.08438324928283691,0.0021598339080810547,0.014539003372192383,0.001275777816772461,5.316734313964844e-05,0.00019812583923339844,0.018227577209472656,6.246566772460938e-05,0.0008785724639892578,0.024428367614746094
970,0.004630088806152344,0.0002639293670654297,0.08438324928283691,0.001981496810913086,0.014555931091308594,0.0011649131774902344,3.981590270996094e-05,0.0001652240753173828,0.017908811569213867,4.315376281738281e-05,0.0009343624114990234,0.024025917053222656
971,0.004017829895019531,0.0002541542053222656,0.08438324928283691,0.002120494842529297,0.01455831527709961,0.001176595687866211,5.0067901611328125e-05,0.0001494884490966797,0.018056154251098633,5.817413330078125e-05,0.0010657310485839844,0.023783206939697266
972,0.005014181137084961,0.00019884109497070312,0.08438324928283691,0.0022721290588378906,0.014485836029052734,0.0011734962463378906,4.482269287109375e-05,0.00015115737915039062,0.018128633499145508,4.792213439941406e-05,0.0008585453033447266,0.024501323699951172
973,0.003421783447265625,0.00020575523376464844,0.08438324928283691,0.0022182464599609375,0.014478683471679688,0.0011792182922363281,4.1484832763671875e-05,0.00017189979553222656,0.01809072494506836,4.601478576660156e-05,0.0013990402221679688,0.023417949676513672
974,0.004015207290649414,0.0002357959747314453,0.08438324928283691,0.002481222152709961,0.014477968215942383,0.0011744499206542969,3.8623809814453125e-05,0.00015664100646972656,0.01833033561706543,4.7206878662109375e-05,0.0008456707000732422,0.023700237274169922
975,0.005299091339111328,0.0002810955047607422,0.08438324928283691,0.002298593521118164,0.014513969421386719,0.0011992454528808594,4.1484832763671875e-05,0.00017333030700683594,0.018227338790893555,4.8160552978515625e-05,0.0008826255798339844,0.024996042251586914
976,0.004376649856567383,0.0002627372741699219,0.08438324928283691,0.0020689964294433594,0.014496564865112305,0.001161813735961914,4.410743713378906e-05,0.00015807151794433594,0.01793050765991211,4.291534423828125e-05,0.0008318424224853516,0.02368617057800293
977,0.0037720203399658203,0.0002799034118652344,0.08438324928283691,0.002089977264404297,0.014445304870605469,0.0011799335479736328,4.649162292480469e-05,0.0001773834228515625,0.017940282821655273,5.030632019042969e-05,0.0014808177947998047,0.02376270294189453
978,0.004523277282714844,0.00018310546875,0.08438324928283691,0.0021963119506835938,0.014445781707763672,0.0011816024780273438,3.7670135498046875e-05,0.00015592575073242188,0.018018245697021484,4.458427429199219e-05,0.0010328292846679688,0.024027347564697266
979,0.00394439697265625,0.0002722740173339844,0.08438324928283691,0.002378225326538086,0.014513254165649414,0.0012001991271972656,4.744529724121094e-05,0.00015497207641601562,0.018294811248779297,4.935264587402344e-05,0.0009405612945556641,0.023770570755004883
980,0.004557609558105469,0.0002589225769042969,0.08438324928283691,0.003171205520629883,0.022912025451660156,0.0020034313201904297,5.9604644775390625e-05,0.0005257129669189453,0.028673648834228516,5.984306335449219e-05,0.00257110595703125,0.03670024871826172
981,0.006165504455566406,0.0003676414489746094,0.08438324928283691,0.020753145217895508,0.03932976722717285,0.0011403560638427734,4.5299530029296875e-05,0.0001518726348876953,0.061422109603881836,5.9604644775390625e-05,0.0010983943939208984,0.0693967342376709
982,0.006277322769165039,0.00027251243591308594,0.08890151977539062,0.013178586959838867,0.015018701553344727,0.0011441707611083984,3.719329833984375e-05,0.00014519691467285156,0.029525041580200195,4.982948303222656e-05,0.0010085105895996094,0.03737807273864746
983,0.004020214080810547,0.00022411346435546875,0.08890151977539062,0.0190274715423584,0.017534732818603516,0.0011425018310546875,4.315376281738281e-05,0.0001423358917236328,0.037891387939453125,5.078315734863281e-05,0.0009148120880126953,0.04335761070251465
984,0.005829334259033203,0.00020456314086914062,0.08890151977539062,0.022840499877929688,0.015521526336669922,0.0010771751403808594,4.2438507080078125e-05,0.00014281272888183594,0.03962564468383789,5.1021575927734375e-05,0.0009586811065673828,0.04691433906555176
985,0.0036458969116210938,0.00021958351135253906,0.08890151977539062,0.016064167022705078,0.01761150360107422,0.001134634017944336,4.2438507080078125e-05,0.00013971328735351562,0.034993886947631836,4.935264587402344e-05,0.0015540122985839844,0.04070425033569336
986,0.005896806716918945,0.00015664100646972656,0.08890151977539062,0.019909381866455078,0.015209674835205078,0.0011320114135742188,3.409385681152344e-05,0.0001385211944580078,0.03642535209655762,5.054473876953125e-05,0.000888824462890625,0.043660640716552734
987,0.0041201114654541016,0.00021719932556152344,0.08890151977539062,0.020256996154785156,0.015557527542114258,0.0011529922485351562,4.172325134277344e-05,0.0001499652862548828,0.037160396575927734,5.221366882324219e-05,0.0008871555328369141,0.04268956184387207
988,0.00421905517578125,0.00024127960205078125,0.08890151977539062,0.0143890380859375,0.015544891357421875,0.0010728836059570312,4.3392181396484375e-05,0.00014281272888183594,0.031194210052490234,4.9114227294921875e-05,0.0008738040924072266,0.036823272705078125
989,0.004080772399902344,0.0002219676971435547,0.08890151977539062,0.013700723648071289,0.015101909637451172,0.0011565685272216797,5.245208740234375e-05,0.00015807151794433594,0.030170440673828125,5.221366882324219e-05,0.0009443759918212891,0.03573441505432129
990,0.004462003707885742,0.00019741058349609375,0.08890151977539062,0.012725591659545898,0.015075922012329102,0.0011451244354248047,4.315376281738281e-05,0.0001652240753173828,0.029155969619750977,5.14984130859375e-05,0.0009045600891113281,0.03501605987548828
991,0.0043811798095703125,0.0003058910369873047,0.08890151977539062,0.013684988021850586,0.023807048797607422,0.0009794235229492188,6.842613220214844e-05,0.0002675056457519531,0.038812875747680664,7.224082946777344e-05,0.0013337135314941406,0.04530477523803711
992,0.005139827728271484,0.0002243518829345703,0.08890151977539062,0.002238750457763672,0.017119169235229492,0.00118255615234375,3.719329833984375e-05,0.00015497207641601562,0.020734071731567383,4.863739013671875e-05,0.0009617805480957031,0.02740168571472168
993,0.0041539669036865234,0.00021791458129882812,0.08890151977539062,0.0018422603607177734,0.014432907104492188,0.0011584758758544922,4.363059997558594e-05,0.00014090538024902344,0.017619609832763672,4.9114227294921875e-05,0.0009217262268066406,0.02321457862854004
994,0.0041961669921875,0.0002484321594238281,0.08890151977539062,0.0018873214721679688,0.014966011047363281,0.0011756420135498047,4.5299530029296875e-05,0.0001647472381591797,0.018239974975585938,4.696846008300781e-05,0.0008587837219238281,0.02384495735168457
995,0.004217624664306641,0.00017786026000976562,0.08890151977539062,0.0021703243255615234,0.016794919967651367,0.001172780990600586,3.6716461181640625e-05,0.00014829635620117188,0.020323753356933594,5.030632019042969e-05,0.0009219646453857422,0.025925636291503906
996,0.004546642303466797,0.00024271011352539062,0.08890151977539062,0.0021371841430664062,0.01678633689880371,0.0011620521545410156,4.792213439941406e-05,0.0001614093780517578,0.020296335220336914,4.601478576660156e-05,0.0009291172027587891,0.026317834854125977
997,0.004194021224975586,0.00020766258239746094,0.08890151977539062,0.0021774768829345703,0.017702579498291016,0.0011377334594726562,4.124641418457031e-05,0.00013518333435058594,0.021195173263549805,5.125999450683594e-05,0.0013561248779296875,0.02725982666015625
998,0.0044400691986083984,0.00022339820861816406,0.08890151977539062,0.0021224021911621094,0.014974355697631836,0.0011816024780273438,3.8623809814453125e-05,0.00015306472778320312,0.018471240997314453,4.553794860839844e-05,0.0010204315185546875,0.02443099021911621
999,0.004363536834716797,0.0001804828643798828,0.08890151977539062,0.002162933349609375,0.014998674392700195,0.0011897087097167969,3.719329833984375e-05,0.00015544891357421875,0.018544673919677734,4.601478576660156e-05,0.0009162425994873047,0.024286746978759766
1000,0.0043888092041015625,0.00022840499877929688,0.08890151977539062,0.002288818359375,0.021538496017456055,0.0009539127349853516,6.699562072753906e-05,0.0002677440643310547,0.025118112564086914,7.152557373046875e-05,0.0013501644134521484,0.031538963317871094
1001,0.00455164909362793,0.00020599365234375,0.08890151977539062,0.0023696422576904297,0.01850295066833496,0.0011813640594482422,4.267692565917969e-05,0.00016355514526367188,0.022261857986450195,5.0067901611328125e-05,0.0009944438934326172,0.028320789337158203
1002,0.004568576812744141,0.0002384185791015625,0.08890151977539062,0.0022192001342773438,0.0170440673828125,0.0011813640594482422,4.57763671875e-05,0.00014925003051757812,0.02064061164855957,4.601478576660156e-05,0.0008563995361328125,0.026612520217895508
1003,0.0045964717864990234,0.0002751350402832031,0.08890151977539062,0.002115011215209961,0.014730691909790039,0.0012023448944091797,4.792213439941406e-05,0.0001533031463623047,0.018250703811645508,4.863739013671875e-05,0.0009341239929199219,0.024361610412597656
1004,0.004628658294677734,0.00023746490478515625,0.08890151977539062,0.002160787582397461,0.014513492584228516,0.0011229515075683594,3.743171691894531e-05,0.00014209747314453125,0.01797795295715332,5.14984130859375e-05,0.0009129047393798828,0.024060487747192383
1005,0.004301786422729492,0.00022983551025390625,0.08890151977539062,0.002075672149658203,0.01500248908996582,0.0011925697326660156,4.0531158447265625e-05,0.0001659393310546875,0.0184783935546875,4.673004150390625e-05,0.0009133815765380859,0.02422475814819336
1006,0.003836393356323242,0.00023174285888671875,0.08890151977539062,0.002257823944091797,0.021238327026367188,0.0010602474212646484,6.794929504394531e-05,0.000270843505859375,0.024896621704101562,7.462501525878906e-05,0.0012938976287841797,0.030713558197021484
1007,0.004609107971191406,0.00027751922607421875,0.08890151977539062,0.0020847320556640625,0.021537065505981445,0.0009725093841552734,6.771087646484375e-05,0.00026869773864746094,0.024932146072387695,7.343292236328125e-05,0.0013539791107177734,0.03162980079650879
1008,0.005011320114135742,0.00026726722717285156,0.08890151977539062,0.002346038818359375,0.01573920249938965,0.0011792182922363281,4.0531158447265625e-05,0.00017881393432617188,0.019484758377075195,4.8160552978515625e-05,0.0009000301361083984,0.025954246520996094
1009,0.003622770309448242,0.0001823902130126953,0.08890151977539062,0.0018396377563476562,0.01447749137878418,0.0011906623840332031,4.506111145019531e-05,0.00015997886657714844,0.01771378517150879,5.364418029785156e-05,0.0014150142669677734,0.02325916290283203
1010,0.004236698150634766,0.00024127960205078125,0.08890151977539062,0.0019998550415039062,0.014448165893554688,0.0011870861053466797,4.076957702636719e-05,0.0001385211944580078,0.017815113067626953,5.626678466796875e-05,0.0008776187896728516,0.023497343063354492
1011,0.004320383071899414,0.0003142356872558594,0.08890151977539062,0.0022704601287841797,0.014862775802612305,0.0011701583862304688,4.267692565917969e-05,0.0001442432403564453,0.018491029739379883,4.8160552978515625e-05,0.0009477138519287109,0.024367570877075195
1012,0.004908561706542969,0.0002758502960205078,0.08890151977539062,0.0020470619201660156,0.014533519744873047,0.0011761188507080078,4.649162292480469e-05,0.0001609325408935547,0.017965316772460938,4.601478576660156e-05,0.0009217262268066406,0.024356365203857422
1013,0.0034449100494384766,0.0001964569091796875,0.08890151977539062,0.0019922256469726562,0.014516592025756836,0.0011632442474365234,4.506111145019531e-05,0.00015211105346679688,0.01786971092224121,4.553794860839844e-05,0.0009217262268066406,0.022716045379638672
1014,0.0044019222259521484,0.0002856254577636719,0.08890151977539062,0.0021028518676757812,0.015309333801269531,0.0011789798736572266,4.76837158203125e-05,0.0001571178436279297,0.018796682357788086,4.839897155761719e-05,0.0009038448333740234,0.0246734619140625
1015,0.004190683364868164,0.00026345252990722656,0.08890151977539062,0.0022580623626708984,0.01468348503112793,0.0012469291687011719,5.2928924560546875e-05,0.0001652240753173828,0.018407583236694336,4.6253204345703125e-05,0.0009479522705078125,0.0241086483001709
1016,0.0038645267486572266,0.00030112266540527344,0.08890151977539062,0.0022072792053222656,0.014572381973266602,0.0011641979217529297,4.553794860839844e-05,0.00015497207641601562,0.01814579963684082,4.673004150390625e-05,0.0011327266693115234,0.023735523223876953
1017,0.003402233123779297,0.0001766681671142578,0.08890151977539062,0.0020911693572998047,0.016139507293701172,0.0011451244354248047,4.3392181396484375e-05,0.00015425682067871094,0.019574642181396484,4.792213439941406e-05,0.0009543895721435547,0.02441883087158203
1018,0.004696846008300781,0.0002644062042236328,0.08890151977539062,0.0024170875549316406,0.01975560188293457,0.0011782646179199219,4.267692565917969e-05,0.0001621246337890625,0.02355670928955078,4.76837158203125e-05,0.0008881092071533203,0.02968120574951172
1019,0.005895853042602539,0.00032901763916015625,0.08890151977539062,0.0022394657135009766,0.016033172607421875,0.00115966796875,4.6253204345703125e-05,0.00014662742614746094,0.01962590217590332,4.9114227294921875e-05,0.0010056495666503906,0.027146339416503906
1020,0.0042819976806640625,0.0002894401550292969,0.08890151977539062,0.0022881031036376953,0.01495051383972168,0.0011577606201171875,4.315376281738281e-05,0.0001533031463623047,0.018593788146972656,4.982948303222656e-05,0.0009136199951171875,0.024390459060668945
1021,0.003778696060180664,0.0001881122589111328,0.08890151977539062,0.0019001960754394531,0.014444112777709961,0.0012633800506591797,4.553794860839844e-05,0.0001494884490966797,0.01780414581298828,4.9591064453125e-05,0.0013680458068847656,0.023448705673217773
1022,0.004422187805175781,0.0002875328063964844,0.08890151977539062,0.002306699752807617,0.014477014541625977,0.001169443130493164,4.410743713378906e-05,0.0001366138458251953,0.018134593963623047,4.649162292480469e-05,0.0008606910705566406,0.02400350570678711
1023,0.004302263259887695,0.0002522468566894531,0.08890151977539062,0.0023796558380126953,0.014539003372192383,0.001196146011352539,4.649162292480469e-05,0.0001430511474609375,0.018305301666259766,4.410743713378906e-05,0.0009145736694335938,0.024058818817138672
1024,0.004729270935058594,0.0002930164337158203,0.08890151977539062,0.002226114273071289,0.01508331298828125,0.0011713504791259766,3.814697265625e-05,0.00013637542724609375,0.018656492233276367,4.9114227294921875e-05,0.0009009838104248047,0.024941205978393555
1025,0.0050585269927978516,0.0002624988555908203,0.08890151977539062,0.002312898635864258,0.014640569686889648,0.0011756420135498047,4.100799560546875e-05,0.00016188621520996094,0.018332958221435547,4.57763671875e-05,0.0009653568267822266,0.024910926818847656
1026,0.004773855209350586,0.00029087066650390625,0.08890151977539062,0.002168893814086914,0.016285181045532227,0.001188039779663086,4.291534423828125e-05,0.00013637542724609375,0.019822359085083008,4.7206878662109375e-05,0.0008759498596191406,0.026062726974487305
1027,0.0038564205169677734,0.0002884864807128906,0.08890151977539062,0.0022945404052734375,0.014528274536132812,0.0011794567108154297,3.314018249511719e-05,0.0001437664031982422,0.018180370330810547,5.0067901611328125e-05,0.0015273094177246094,0.02418375015258789
1028,0.004626035690307617,0.0002448558807373047,0.08890151977539062,0.002259969711303711,0.014590024948120117,0.001161813735961914,3.886222839355469e-05,0.00013709068298339844,0.018188953399658203,4.887580871582031e-05,0.001016378402709961,0.024361848831176758
1029,0.004499197006225586,0.00025725364685058594,0.08890151977539062,0.002502918243408203,0.015014886856079102,0.0011792182922363281,4.4345855712890625e-05,0.00016450881958007812,0.01890707015991211,6.508827209472656e-05,0.001088857650756836,0.025096416473388672
1030,0.004667043685913086,0.00029015541076660156,0.08890151977539062,0.002418994903564453,0.014607667922973633,0.0011565685272216797,4.458427429199219e-05,0.0001544952392578125,0.018383502960205078,4.76837158203125e-05,0.0011425018310546875,0.024788379669189453
1031,0.004492044448852539,0.0001742839813232422,0.08890151977539062,0.0022695064544677734,0.015116453170776367,0.0011699199676513672,4.0531158447265625e-05,0.00015592575073242188,0.018753528594970703,4.601478576660156e-05,0.0010633468627929688,0.024770259857177734
1032,0.004649162292480469,0.000244140625,0.08890151977539062,0.002262115478515625,0.015060901641845703,0.0011751651763916016,4.124641418457031e-05,0.0001575946807861328,0.018697738647460938,4.5299530029296875e-05,0.0010044574737548828,0.024914264678955078
1033,0.004995584487915039,0.00022029876708984375,0.08890151977539062,0.002305746078491211,0.015075922012329102,0.0011761188507080078,4.744529724121094e-05,0.00014495849609375,0.01875162124633789,4.291534423828125e-05,0.0013234615325927734,0.025583505630493164
1034,0.0044209957122802734,0.00024366378784179688,0.08890151977539062,0.002153635025024414,0.016837596893310547,0.001199960708618164,3.600120544433594e-05,0.00013184547424316406,0.02035975456237793,4.9114227294921875e-05,0.0009410381317138672,0.02627396583557129
1035,0.004807233810424805,0.00033164024353027344,0.08890151977539062,0.0021469593048095703,0.014469623565673828,0.0011875629425048828,4.029273986816406e-05,0.0001506805419921875,0.017996549606323242,4.649162292480469e-05,0.0009834766387939453,0.024422407150268555
1036,0.004749774932861328,0.00023937225341796875,0.08890151977539062,0.0023386478424072266,0.014510869979858398,0.0011968612670898438,3.62396240234375e-05,0.0001456737518310547,0.018229246139526367,4.839897155761719e-05,0.0009603500366210938,0.024480581283569336
1037,0.0041713714599609375,0.00022530555725097656,0.08890151977539062,0.002100706100463867,0.01450204849243164,0.0011944770812988281,4.3392181396484375e-05,0.00014019012451171875,0.017981290817260742,4.601478576660156e-05,0.0008580684661865234,0.023526906967163086
1038,0.004605293273925781,0.00025200843811035156,0.08890151977539062,0.0021309852600097656,0.014574766159057617,0.0012040138244628906,3.9577484130859375e-05,0.0001595020294189453,0.018110036849975586,4.8160552978515625e-05,0.0009539127349853516,0.024251937866210938
1039,0.004693746566772461,0.000247955322265625,0.08890151977539062,0.002428293228149414,0.0145721435546875,0.0011866092681884766,3.266334533691406e-05,0.00014328956604003906,0.01836395263671875,4.482269287109375e-05,0.0008823871612548828,0.024491310119628906
1040,0.004754066467285156,0.00023245811462402344,0.08890151977539062,0.0021152496337890625,0.01445770263671875,0.0011942386627197266,4.506111145019531e-05,0.0001399517059326172,0.017953157424926758,4.935264587402344e-05,0.0009195804595947266,0.02416205406188965
1041,0.004410266876220703,0.00023674964904785156,0.08890151977539062,0.002026081085205078,0.014528751373291016,0.0011985301971435547,3.910064697265625e-05,0.00015044212341308594,0.017943620681762695,4.363059997558594e-05,0.0008902549743652344,0.0237729549407959
1042,0.004667997360229492,0.000255584716796875,0.08890151977539062,0.00214385986328125,0.014560699462890625,0.0012054443359375,3.933906555175781e-05,0.00015115737915039062,0.01810145378112793,4.7206878662109375e-05,0.0009398460388183594,0.02429485321044922
1043,0.004915952682495117,0.00028634071350097656,0.08890151977539062,0.002234220504760742,0.014455556869506836,0.0011882781982421875,4.6253204345703125e-05,0.00015664100646972656,0.0180819034576416,4.5299530029296875e-05,0.0008738040924072266,0.02445673942565918
1044,0.00457763671875,0.0002601146697998047,0.08890151977539062,0.0022220611572265625,0.014502525329589844,0.0011718273162841797,4.0531158447265625e-05,0.0001354217529296875,0.018073320388793945,4.649162292480469e-05,0.0008988380432128906,0.02409505844116211
1045,0.004155874252319336,0.0002837181091308594,0.08890151977539062,0.0018749237060546875,0.014534950256347656,0.0011816024780273438,3.8623809814453125e-05,0.0001385211944580078,0.01776909828186035,4.601478576660156e-05,0.001447439193725586,0.023939132690429688
1046,0.00439000129699707,0.00024056434631347656,0.08890151977539062,0.0022783279418945312,0.014583349227905273,0.0011677742004394531,3.4332275390625e-05,0.00014972686767578125,0.01821446418762207,4.649162292480469e-05,0.0009458065032958984,0.024079084396362305
1047,0.00476837158203125,0.0002269744873046875,0.08890151977539062,0.002154111862182617,0.014630556106567383,0.0011839866638183594,4.649162292480469e-05,0.00014257431030273438,0.018158674240112305,5.078315734863281e-05,0.0009150505065917969,0.024370670318603516
1048,0.004826545715332031,0.0002486705780029297,0.08890151977539062,0.00209808349609375,0.014468669891357422,0.0012047290802001953,3.9577484130859375e-05,0.000156402587890625,0.01796865463256836,4.744529724121094e-05,0.0009076595306396484,0.02424931526184082
1049,0.00437474250793457,0.00035762786865234375,0.08890151977539062,0.0022923946380615234,0.014524459838867188,0.0012006759643554688,4.00543212890625e-05,0.00016641616821289062,0.018224477767944336,4.506111145019531e-05,0.0009138584136962891,0.02416396141052246
1050,0.004903078079223633,0.00033211708068847656,0.08890151977539062,0.003221750259399414,0.02443528175354004,0.004334926605224609,4.935264587402344e-05,0.0001766681671142578,0.03221893310546875,6.604194641113281e-05,0.0017313957214355469,0.03960251808166504
1051,0.013326644897460938,0.0006036758422851562,0.08890151977539062,0.017270326614379883,0.03156232833862305,0.0011205673217773438,5.650520324707031e-05,0.0001804828643798828,0.05019187927246094,7.510185241699219e-05,0.001188516616821289,0.0657038688659668
1052,0.007245540618896484,0.0002484321594238281,0.08454775810241699,0.009990692138671875,0.015458822250366211,0.0011363029479980469,5.078315734863281e-05,0.0001690387725830078,0.026806354522705078,5.984306335449219e-05,0.001161813735961914,0.03578948974609375
1053,0.0041081905364990234,0.00017333030700683594,0.08454775810241699,0.017386913299560547,0.015596628189086914,0.0010154247283935547,3.719329833984375e-05,0.00013828277587890625,0.034175872802734375,5.340576171875e-05,0.0009477138519287109,0.03971385955810547
1054,0.0065593719482421875,0.0001239776611328125,0.08454775810241699,0.01723027229309082,0.01513051986694336,0.0011458396911621094,3.981590270996094e-05,0.00015044212341308594,0.03369760513305664,5.0067901611328125e-05,0.0008869171142578125,0.041551828384399414
1055,0.0039691925048828125,0.0001773834228515625,0.08454775810241699,0.013226509094238281,0.015219926834106445,0.001138925552368164,3.790855407714844e-05,0.0001537799835205078,0.02977895736694336,5.054473876953125e-05,0.0008974075317382812,0.035104990005493164
1056,0.00424504280090332,0.0002429485321044922,0.08454775810241699,0.017737150192260742,0.01842522621154785,0.0011453628540039062,4.267692565917969e-05,0.00015473365783691406,0.0375063419342041,5.1975250244140625e-05,0.0009484291076660156,0.04324793815612793
1057,0.0039520263671875,0.0001881122589111328,0.08454775810241699,0.01679229736328125,0.017798185348510742,0.0011456012725830078,3.8623809814453125e-05,0.0001366138458251953,0.03591299057006836,4.9591064453125e-05,0.001504659652709961,0.04185295104980469
1058,0.004436492919921875,0.00022673606872558594,0.08454775810241699,0.01338815689086914,0.01543569564819336,0.0011544227600097656,4.363059997558594e-05,0.0001475811004638672,0.030170679092407227,5.316734313964844e-05,0.000904083251953125,0.03604865074157715
1059,0.00436854362487793,0.0002117156982421875,0.08454775810241699,0.013411998748779297,0.018305301666259766,0.001154184341430664,4.100799560546875e-05,0.00015974044799804688,0.03307342529296875,5.340576171875e-05,0.0009245872497558594,0.03889942169189453
1060,0.00357818603515625,0.00020122528076171875,0.08454775810241699,0.01332545280456543,0.014905691146850586,0.0012478828430175781,3.695487976074219e-05,0.000152587890625,0.029669523239135742,5.316734313964844e-05,0.0009553432464599609,0.03471970558166504
1061,0.004540443420410156,0.00023603439331054688,0.08454775810241699,0.01465749740600586,0.014949321746826172,0.0011696815490722656,4.506111145019531e-05,0.00014162063598632812,0.030964374542236328,5.459785461425781e-05,0.0009253025054931641,0.03699040412902832
1062,0.004640340805053711,0.00025272369384765625,0.08454775810241699,0.0022878646850585938,0.014457941055297852,0.0011806488037109375,3.4332275390625e-05,0.00014328956604003906,0.018105268478393555,4.4345855712890625e-05,0.0008447170257568359,0.02412581443786621
1063,0.004456043243408203,0.00021982192993164062,0.08454775810241699,0.002071380615234375,0.014495849609375,0.0012133121490478516,4.2438507080078125e-05,0.0001399517059326172,0.017963647842407227,4.649162292480469e-05,0.0009541511535644531,0.023907899856567383
1064,0.0037064552307128906,0.0002346038818359375,0.08454775810241699,0.002048492431640625,0.014561891555786133,0.0011401176452636719,3.528594970703125e-05,0.00014734268188476562,0.017934322357177734,4.601478576660156e-05,0.0008690357208251953,0.023032188415527344
1065,0.003852367401123047,0.0002713203430175781,0.08454775810241699,0.002335071563720703,0.014602422714233398,0.0011813640594482422,3.910064697265625e-05,0.0001518726348876953,0.018311262130737305,4.506111145019531e-05,0.000946044921875,0.023674726486206055
1066,0.0056879520416259766,0.00029969215393066406,0.08454775810241699,0.0022454261779785156,0.01453256607055664,0.0011577606201171875,4.57763671875e-05,0.00014352798461914062,0.018126487731933594,4.649162292480469e-05,0.0008671283721923828,0.025278806686401367
1067,0.004201650619506836,0.0002307891845703125,0.08454775810241699,0.0022020339965820312,0.014541149139404297,0.0011806488037109375,4.649162292480469e-05,0.00015306472778320312,0.01812458038330078,4.458427429199219e-05,0.0009286403656005859,0.023780107498168945
1068,0.0037136077880859375,0.0002627372741699219,0.08454775810241699,0.002145528793334961,0.014554500579833984,0.001178741455078125,4.553794860839844e-05,0.0001423358917236328,0.01806783676147461,4.315376281738281e-05,0.0008566379547119141,0.02318549156188965
1069,0.004203319549560547,0.00026297569274902344,0.08454775810241699,0.0022118091583251953,0.014639139175415039,0.0011982917785644531,4.1484832763671875e-05,0.00015282630920410156,0.018244504928588867,4.6253204345703125e-05,0.001407623291015625,0.024448394775390625
1070,0.004656553268432617,0.00027942657470703125,0.08454775810241699,0.0022592544555664062,0.014512062072753906,0.001184225082397461,4.076957702636719e-05,0.00015997886657714844,0.0181581974029541,4.482269287109375e-05,0.0008680820465087891,0.024242639541625977
1071,0.004276752471923828,0.00025463104248046875,0.08454775810241699,0.0022077560424804688,0.014580488204956055,0.0011911392211914062,4.100799560546875e-05,0.00013971328735351562,0.01816082000732422,4.553794860839844e-05,0.00109100341796875,0.024082660675048828
1072,0.003723621368408203,0.00024175643920898438,0.08454775810241699,0.0022819042205810547,0.01605677604675293,0.0011663436889648438,4.482269287109375e-05,0.00015163421630859375,0.019702911376953125,4.38690185546875e-05,0.0008702278137207031,0.024815797805786133
1073,0.0046367645263671875,0.00023889541625976562,0.08454775810241699,0.002294778823852539,0.01520085334777832,0.0011813640594482422,4.9114227294921875e-05,0.00025844573974609375,0.018985509872436523,4.57763671875e-05,0.0009407997131347656,0.025116682052612305
1074,0.004621744155883789,0.0002703666687011719,0.08454775810241699,0.0020923614501953125,0.014390707015991211,0.0012450218200683594,4.315376281738281e-05,0.0001614093780517578,0.01793360710144043,4.291534423828125e-05,0.0008742809295654297,0.024010419845581055
1075,0.0043489933013916016,0.00022792816162109375,0.08454775810241699,0.0021080970764160156,0.014410018920898438,0.001180887222290039,4.029273986816406e-05,0.0001342296600341797,0.017874717712402344,4.315376281738281e-05,0.0009853839874267578,0.02372598648071289
1076,0.004106283187866211,0.00026702880859375,0.08454775810241699,0.0021224021911621094,0.01437687873840332,0.0011746883392333984,3.886222839355469e-05,0.0001475811004638672,0.017861366271972656,4.649162292480469e-05,0.0008831024169921875,0.023405075073242188
1077,0.004239797592163086,0.00027871131896972656,0.08454775810241699,0.0022106170654296875,0.014397382736206055,0.0011899471282958984,4.124641418457031e-05,0.00016045570373535156,0.01800060272216797,4.267692565917969e-05,0.0014786720275878906,0.024290084838867188
1078,0.003660917282104492,0.00021529197692871094,0.08454775810241699,0.002164125442504883,0.015221118927001953,0.001177072525024414,4.172325134277344e-05,0.0001513957977294922,0.01875591278076172,4.935264587402344e-05,0.0010209083557128906,0.023967981338500977
1079,0.0050351619720458984,0.0002505779266357422,0.08454775810241699,0.0023238658905029297,0.015023946762084961,0.0011830329895019531,4.6253204345703125e-05,0.00015592575073242188,0.01873326301574707,4.673004150390625e-05,0.0008969306945800781,0.025208473205566406
1080,0.004281520843505859,0.000263214111328125,0.08454775810241699,0.002264738082885742,0.01818990707397461,0.0011820793151855469,3.7670135498046875e-05,0.00015044212341308594,0.02182602882385254,5.0067901611328125e-05,0.0009734630584716797,0.02764439582824707
1081,0.00497746467590332,0.000339508056640625,0.08454775810241699,0.0022933483123779297,0.014636039733886719,0.0012218952178955078,3.9577484130859375e-05,0.0001556873321533203,0.01834845542907715,4.792213439941406e-05,0.001438140869140625,0.025426864624023438
1082,0.00544285774230957,0.0002837181091308594,0.08454775810241699,0.0023651123046875,0.014590978622436523,0.0011811256408691406,3.886222839355469e-05,0.0001361370086669922,0.01831340789794922,4.744529724121094e-05,0.0009093284606933594,0.025244712829589844
1083,0.004449605941772461,0.0002391338348388672,0.08454775810241699,0.0020742416381835938,0.014466285705566406,0.0011913776397705078,4.553794860839844e-05,0.00017499923706054688,0.017953157424926758,4.649162292480469e-05,0.0011463165283203125,0.024074316024780273
1084,0.004302501678466797,0.0002617835998535156,0.08454775810241699,0.0021948814392089844,0.017313003540039062,0.001168966293334961,4.982948303222656e-05,0.0001575946807861328,0.020885467529296875,4.8160552978515625e-05,0.0009267330169677734,0.02666473388671875
1085,0.004364728927612305,0.000225067138671875,0.08454775810241699,0.0020852088928222656,0.014617443084716797,0.0011920928955078125,4.124641418457031e-05,0.0001437664031982422,0.018080472946166992,4.76837158203125e-05,0.0010330677032470703,0.02399611473083496
1086,0.004608631134033203,0.0002560615539550781,0.08454775810241699,0.0022745132446289062,0.014499902725219727,0.0012187957763671875,4.1961669921875e-05,0.0001392364501953125,0.018175601959228516,4.553794860839844e-05,0.0009329319000244141,0.024257421493530273
1087,0.0045166015625,0.0002617835998535156,0.08454775810241699,0.002126455307006836,0.014544486999511719,0.0011775493621826172,4.6253204345703125e-05,0.00014925003051757812,0.018044233322143555,4.649162292480469e-05,0.0009987354278564453,0.024132966995239258
1088,0.004263639450073242,0.00024628639221191406,0.08454775810241699,0.0022416114807128906,0.014984130859375,0.00116729736328125,4.696846008300781e-05,0.00015091896057128906,0.018592357635498047,4.935264587402344e-05,0.0009365081787109375,0.024381160736083984
1089,0.0049669742584228516,0.0002472400665283203,0.08454775810241699,0.0022356510162353516,0.014479875564575195,0.0011944770812988281,4.220008850097656e-05,0.00015974044799804688,0.01811361312866211,4.6253204345703125e-05,0.0010051727294921875,0.024652719497680664
1090,0.00501704216003418,0.00025653839111328125,0.08454775810241699,0.0025336742401123047,0.018004179000854492,0.001171112060546875,3.8623809814453125e-05,0.0001571178436279297,0.021906137466430664,5.221366882324219e-05,0.0008966922760009766,0.02836322784423828
1091,0.004059314727783203,0.00029087066650390625,0.08454775810241699,0.002187967300415039,0.020297527313232422,0.0012006759643554688,4.029273986816406e-05,0.00016617774963378906,0.02389359474182129,7.128715515136719e-05,0.001171112060546875,0.029732465744018555
1092,0.004930973052978516,0.00022149085998535156,0.08454775810241699,0.0020360946655273438,0.014454364776611328,0.0011882781982421875,4.100799560546875e-05,0.00015735626220703125,0.017878293991088867,4.553794860839844e-05,0.0008761882781982422,0.02422308921813965
1093,0.004431486129760742,0.00023174285888671875,0.08454775810241699,0.002173185348510742,0.014442920684814453,0.0012111663818359375,4.220008850097656e-05,0.00016236305236816406,0.01803278923034668,4.696846008300781e-05,0.0014069080352783203,0.024405241012573242
1094,0.003845691680908203,0.00024318695068359375,0.08454775810241699,0.0022983551025390625,0.01461172103881836,0.001180887222290039,4.9114227294921875e-05,0.00015234947204589844,0.018293142318725586,5.173683166503906e-05,0.0008673667907714844,0.023539066314697266
1095,0.004953622817993164,0.00027823448181152344,0.08454775810241699,0.002130270004272461,0.014463424682617188,0.0011925697326660156,4.601478576660156e-05,0.0001456737518310547,0.01797938346862793,4.649162292480469e-05,0.000885009765625,0.024425983428955078
1096,0.0041501522064208984,0.00026917457580566406,0.08454775810241699,0.0021255016326904297,0.01451563835144043,0.0011875629425048828,3.695487976074219e-05,0.0001633167266845703,0.01802968978881836,4.2438507080078125e-05,0.0008335113525390625,0.023578643798828125
1097,0.004935741424560547,0.00030541419982910156,0.08454775810241699,0.0022525787353515625,0.014553070068359375,0.0011775493621826172,5.125999450683594e-05,0.0001468658447265625,0.01818227767944336,4.57763671875e-05,0.000946044921875,0.0246584415435791
1098,0.00488591194152832,0.0002493858337402344,0.08454775810241699,0.002270221710205078,0.014499425888061523,0.0011906623840332031,3.9577484130859375e-05,0.00016760826110839844,0.01816844940185547,4.506111145019531e-05,0.0008690357208251953,0.024458646774291992
1099,0.00439000129699707,0.000225067138671875,0.08454775810241699,0.0022630691528320312,0.014458894729614258,0.0011916160583496094,3.910064697265625e-05,0.00016570091247558594,0.018119335174560547,4.38690185546875e-05,0.0011096000671386719,0.024132490158081055
1100,0.0037970542907714844,0.000209808349609375,0.08454775810241699,0.0020797252655029297,0.014877080917358398,0.0012102127075195312,4.2438507080078125e-05,0.00016117095947265625,0.018372297286987305,8.487701416015625e-05,0.0009274482727050781,0.023690223693847656
1101,0.005165815353393555,0.000240325927734375,0.08454775810241699,0.002596616744995117,0.014664888381958008,0.001178741455078125,4.696846008300781e-05,0.00014734268188476562,0.01863551139831543,5.221366882324219e-05,0.0009732246398925781,0.02533698081970215
1102,0.0048215389251708984,0.00023365020751953125,0.08454775810241699,0.002355337142944336,0.014633655548095703,0.0011701583862304688,4.792213439941406e-05,0.00014829635620117188,0.0183563232421875,4.863739013671875e-05,0.0009171962738037109,0.02462005615234375
1103,0.0041658878326416016,0.0002429485321044922,0.08454775810241699,0.0021636486053466797,0.014618873596191406,0.0011887550354003906,4.00543212890625e-05,0.00015473365783691406,0.01816725730895996,4.76837158203125e-05,0.0009887218475341797,0.02386474609375
1104,0.00443267822265625,0.0002868175506591797,0.08454775810241699,0.0023131370544433594,0.014481544494628906,0.0011675357818603516,3.814697265625e-05,0.0001513957977294922,0.018152952194213867,5.5789947509765625e-05,0.0009191036224365234,0.024115562438964844
1105,0.005056858062744141,0.0003304481506347656,0.08454775810241699,0.002491474151611328,0.014503955841064453,0.0012073516845703125,3.9577484130859375e-05,0.0001728534698486328,0.018415451049804688,5.6743621826171875e-05,0.0013737678527832031,0.02554774284362793
1106,0.005264997482299805,0.0003230571746826172,0.08454775810241699,0.00215911865234375,0.014473915100097656,0.0011780261993408203,3.6716461181640625e-05,0.00015616416931152344,0.018004655838012695,4.6253204345703125e-05,0.0009617805480957031,0.024877071380615234
1107,0.0043447017669677734,0.00018024444580078125,0.08454775810241699,0.0020689964294433594,0.01461482048034668,0.0012004375457763672,3.743171691894531e-05,0.00014448165893554688,0.0180666446685791,4.6253204345703125e-05,0.0008652210235595703,0.02373957633972168
1108,0.004118680953979492,0.0002224445343017578,0.08454775810241699,0.001903533935546875,0.014466047286987305,0.0011789798736572266,4.1484832763671875e-05,0.0001761913299560547,0.01776719093322754,4.76837158203125e-05,0.0009586811065673828,0.023365020751953125
1109,0.004332065582275391,0.00022864341735839844,0.08454775810241699,0.002012491226196289,0.014478683471679688,0.0011818408966064453,4.0531158447265625e-05,0.00015282630920410156,0.017867326736450195,4.601478576660156e-05,0.0009262561798095703,0.0236361026763916
1110,0.0036323070526123047,0.00017070770263671875,0.08454775810241699,0.0015797615051269531,0.014517545700073242,0.0011653900146484375,4.4345855712890625e-05,0.0001533031463623047,0.017461776733398438,5.078315734863281e-05,0.0009083747863769531,0.02250981330871582
1111,0.003580808639526367,0.0002129077911376953,0.08454775810241699,0.0019996166229248047,0.015498161315917969,0.0011401176452636719,4.029273986816406e-05,0.0001842975616455078,0.018863677978515625,5.9604644775390625e-05,0.0010945796966552734,0.024121999740600586
1112,0.004721641540527344,0.0003407001495361328,0.08454775810241699,0.0020177364349365234,0.015204429626464844,0.0011768341064453125,4.124641418457031e-05,0.0001652240753173828,0.018605947494506836,4.7206878662109375e-05,0.0009598731994628906,0.02492833137512207
1113,0.004392147064208984,0.00027060508728027344,0.08454775810241699,0.00189971923828125,0.014509916305541992,0.001153707504272461,4.3392181396484375e-05,0.0001533031463623047,0.017760753631591797,5.507469177246094e-05,0.0008568763732910156,0.023593902587890625
1114,0.004388570785522461,0.00025725364685058594,0.08454775810241699,0.001855611801147461,0.014345407485961914,0.0011785030364990234,3.457069396972656e-05,0.0001499652862548828,0.01756453514099121,4.649162292480469e-05,0.0009064674377441406,0.023441314697265625
1115,0.003423452377319336,0.00019598007202148438,0.08454775810241699,0.0018668174743652344,0.014384746551513672,0.0011756420135498047,3.838539123535156e-05,0.0001537799835205078,0.017620325088500977,4.57763671875e-05,0.0008568763732910156,0.022404193878173828
1116,0.0038604736328125,0.000194549560546875,0.08454775810241699,0.002077817916870117,0.014473915100097656,0.0011763572692871094,3.9577484130859375e-05,0.00015282630920410156,0.017921924591064453,4.220008850097656e-05,0.0009431838989257812,0.023200035095214844
1117,0.004294633865356445,0.0002665519714355469,0.08454775810241699,0.002269268035888672,0.015037059783935547,0.0011897087097167969,3.886222839355469e-05,0.0001513957977294922,0.018686771392822266,4.5299530029296875e-05,0.0014500617980957031,0.025005102157592773
1118,0.0046269893646240234,0.00027751922607421875,0.08454775810241699,0.0022394657135009766,0.01539754867553711,0.0011684894561767578,4.363059997558594e-05,0.00014448165893554688,0.018994569778442383,4.410743713378906e-05,0.0008928775787353516,0.02507615089416504
1119,0.0038497447967529297,0.00020575523376464844,0.08454775810241699,0.0019452571868896484,0.014670610427856445,0.0011837482452392578,4.0531158447265625e-05,0.0001728534698486328,0.01801443099975586,4.792213439941406e-05,0.0009379386901855469,0.02330183982849121
1120,0.0046234130859375,0.00037598609924316406,0.08454775810241699,0.003101348876953125,0.022946834564208984,0.0018928050994873047,9.608268737792969e-05,0.0006427764892578125,0.028681278228759766,6.079673767089844e-05,0.002414703369140625,0.0366358757019043
1121,0.012359857559204102,0.0006463527679443359,0.08454775810241699,0.026379108428955078,0.031033039093017578,0.001115560531616211,4.935264587402344e-05,0.00018095970153808594,0.05876731872558594,6.580352783203125e-05,0.0011844635009765625,0.07333707809448242
1122,0.005383968353271484,0.0002739429473876953,0.09113883972167969,0.022638559341430664,0.018390417098999023,0.0011262893676757812,4.506111145019531e-05,0.0001671314239501953,0.042368412017822266,5.91278076171875e-05,0.001062631607055664,0.04940485954284668
1123,0.0037996768951416016,0.00018310546875,0.09113883972167969,0.02130579948425293,0.015546083450317383,0.0010807514190673828,4.172325134277344e-05,0.00017261505126953125,0.038147926330566406,5.1975250244140625e-05,0.0008869171142578125,0.04331207275390625
1124,0.004103183746337891,0.00023627281188964844,0.09113883972167969,0.016199350357055664,0.018065214157104492,0.0011382102966308594,4.315376281738281e-05,0.00014638900756835938,0.03559398651123047,5.0067901611328125e-05,0.0009009838104248047,0.041132211685180664
1125,0.003815174102783203,0.00025844573974609375,0.09113883972167969,0.029370784759521484,0.015592575073242188,0.0011315345764160156,4.673004150390625e-05,0.0001678466796875,0.0463106632232666,6.079673767089844e-05,0.0010700225830078125,0.05178475379943848
1126,0.004570960998535156,0.0002219676971435547,0.09113883972167969,0.013767242431640625,0.0204470157623291,0.0011136531829833984,5.1975250244140625e-05,0.00017547607421875,0.035556793212890625,5.5789947509765625e-05,0.0011169910430908203,0.041780948638916016
1127,0.0033233165740966797,0.00021719932556152344,0.09113883972167969,0.018188953399658203,0.020944595336914062,0.0011289119720458984,4.601478576660156e-05,0.00017571449279785156,0.04048490524291992,5.7697296142578125e-05,0.0016999244689941406,0.04604029655456543
1128,0.003949642181396484,0.00021505355834960938,0.09113883972167969,0.018781423568725586,0.02395033836364746,0.0009872913360595703,6.961822509765625e-05,0.00028586387634277344,0.04407620429992676,7.295608520507812e-05,0.0015010833740234375,0.05018138885498047
1129,0.005252361297607422,0.0003452301025390625,0.09113883972167969,0.014009237289428711,0.023929119110107422,0.0009655952453613281,6.437301635742188e-05,0.0002741813659667969,0.039244651794433594,7.200241088867188e-05,0.0020220279693603516,0.047302961349487305
1130,0.0050165653228759766,0.0002772808074951172,0.09113883972167969,0.008715152740478516,0.023226261138916016,0.0011713504791259766,4.482269287109375e-05,0.000148773193359375,0.033307552337646484,4.839897155761719e-05,0.000978231430053711,0.039858102798461914
1131,0.0036551952362060547,0.00023889541625976562,0.09113883972167969,0.00228118896484375,0.02169513702392578,0.0010945796966552734,4.553794860839844e-05,0.00015735626220703125,0.025275230407714844,5.698204040527344e-05,0.0009732246398925781,0.030462265014648438
1132,0.005106687545776367,0.00025773048400878906,0.09113883972167969,0.0023598670959472656,0.01707911491394043,0.001149892807006836,5.2928924560546875e-05,0.000209808349609375,0.020853042602539062,9.274482727050781e-05,0.0009696483612060547,0.02759718894958496
1133,0.004853487014770508,0.0002484321594238281,0.09113883972167969,0.0019199848175048828,0.014317512512207031,0.0011789798736572266,4.00543212890625e-05,0.0001499652862548828,0.017607688903808594,4.410743713378906e-05,0.0008883476257324219,0.02387714385986328
1134,0.004291057586669922,0.0002834796905517578,0.09113883972167969,0.0022618770599365234,0.014411211013793945,0.0011644363403320312,4.00543212890625e-05,0.00014662742614746094,0.018025875091552734,4.458427429199219e-05,0.0009315013885498047,0.023801326751708984
1135,0.0040395259857177734,0.0002696514129638672,0.09113883972167969,0.002171754837036133,0.014759540557861328,0.001172780990600586,3.790855407714844e-05,0.00015044212341308594,0.01829385757446289,4.839897155761719e-05,0.0009958744049072266,0.023900747299194336
1136,0.0035796165466308594,0.00023674964904785156,0.09113883972167969,0.002153158187866211,0.014996051788330078,0.0011479854583740234,4.673004150390625e-05,0.00016188621520996094,0.01850724220275879,5.1975250244140625e-05,0.0009367465972900391,0.023547649383544922
1137,0.00509953498840332,0.00031828880310058594,0.09113883972167969,0.002047300338745117,0.014688730239868164,0.0011682510375976562,4.029273986816406e-05,0.00013756752014160156,0.01808333396911621,4.863739013671875e-05,0.0009014606475830078,0.02471780776977539
1138,0.005255937576293945,0.00030422210693359375,0.09113883972167969,0.0023183822631835938,0.014425039291381836,0.0011899471282958984,6.866455078125e-05,0.0001552104949951172,0.0181581974029541,4.6253204345703125e-05,0.0009512901306152344,0.024981021881103516
1139,0.0041141510009765625,0.00024580955505371094,0.09113883972167969,0.0021076202392578125,0.015172004699707031,0.0011696815490722656,4.220008850097656e-05,0.00014352798461914062,0.01863574981689453,4.601478576660156e-05,0.0009067058563232422,0.024207353591918945
1140,0.004415035247802734,0.00021505355834960938,0.09113883972167969,0.0020902156829833984,0.016404390335083008,0.0011699199676513672,4.315376281738281e-05,0.0001423358917236328,0.019850969314575195,4.673004150390625e-05,0.0010352134704589844,0.025808334350585938
1141,0.0043833255767822266,0.00026488304138183594,0.09113883972167969,0.001994609832763672,0.015069007873535156,0.0011568069458007812,4.601478576660156e-05,0.0001583099365234375,0.018425703048706055,4.363059997558594e-05,0.0014901161193847656,0.024829626083374023
1142,0.004324674606323242,0.0002548694610595703,0.09113883972167969,0.002108335494995117,0.01466059684753418,0.0011644363403320312,3.910064697265625e-05,0.00014925003051757812,0.01812267303466797,4.8160552978515625e-05,0.0009465217590332031,0.023940086364746094
1143,0.004263877868652344,0.0002186298370361328,0.09113883972167969,0.0020987987518310547,0.015027284622192383,0.0011942386627197266,3.3855438232421875e-05,0.00014972686767578125,0.018504858016967773,4.506111145019531e-05,0.0009405612945556641,0.024219036102294922
1144,0.00447392463684082,0.00023889541625976562,0.09113883972167969,0.0022461414337158203,0.014706611633300781,0.0011813640594482422,4.220008850097656e-05,0.00014209747314453125,0.018319368362426758,5.0067901611328125e-05,0.0008678436279296875,0.02417922019958496
1145,0.004509925842285156,0.00020766258239746094,0.09113883972167969,0.0019178390502929688,0.014490604400634766,0.0011854171752929688,3.6716461181640625e-05,0.00015687942504882812,0.017788410186767578,4.410743713378906e-05,0.0008687973022460938,0.023652076721191406
1146,0.004312038421630859,0.0002110004425048828,0.09113883972167969,0.002184152603149414,0.014477968215942383,0.0011644363403320312,4.553794860839844e-05,0.00014925003051757812,0.01802206039428711,4.553794860839844e-05,0.0008995532989501953,0.023743391036987305
1147,0.004067420959472656,0.00022649765014648438,0.09113883972167969,0.002387523651123047,0.01449275016784668,0.0011773109436035156,4.410743713378906e-05,0.00015044212341308594,0.018253087997436523,4.9114227294921875e-05,0.0009434223175048828,0.02379465103149414
1148,0.004679441452026367,0.00024628639221191406,0.09113883972167969,0.002162456512451172,0.014502763748168945,0.0011742115020751953,3.933906555175781e-05,0.00018024444580078125,0.018060684204101562,4.9591064453125e-05,0.0009000301361083984,0.02420210838317871
1149,0.0044329166412353516,0.00023627281188964844,0.09113883972167969,0.0019443035125732422,0.014548540115356445,0.0011835098266601562,3.743171691894531e-05,0.00016117095947265625,0.017876148223876953,4.506111145019531e-05,0.0009260177612304688,0.02375507354736328
1150,0.004248380661010742,0.0002796649932861328,0.09113883972167969,0.0023636817932128906,0.014699220657348633,0.0011715888977050781,3.3855438232421875e-05,0.0001537799835205078,0.018423080444335938,4.5299530029296875e-05,0.0009107589721679688,0.024146556854248047
1151,0.004197835922241211,0.00021719932556152344,0.09113883972167969,0.002142667770385742,0.014465808868408203,0.0011856555938720703,4.6253204345703125e-05,0.000152587890625,0.017994165420532227,4.935264587402344e-05,0.0009191036224365234,0.023641347885131836
1152,0.004705667495727539,0.0003085136413574219,0.09113883972167969,0.0021986961364746094,0.014506816864013672,0.0012123584747314453,4.1484832763671875e-05,0.00014281272888183594,0.01810312271118164,4.553794860839844e-05,0.0008554458618164062,0.024264812469482422
1153,0.004542350769042969,0.0003306865692138672,0.09113883972167969,0.0019397735595703125,0.01452326774597168,0.0011827945709228516,3.886222839355469e-05,0.0001499652862548828,0.017835378646850586,4.57763671875e-05,0.0012803077697753906,0.024335384368896484
1154,0.004446744918823242,0.0002942085266113281,0.09113883972167969,0.002243518829345703,0.014517545700073242,0.0011739730834960938,4.57763671875e-05,0.00013899803161621094,0.018120765686035156,4.363059997558594e-05,0.0009465217590332031,0.02410268783569336
1155,0.004282236099243164,0.00028443336486816406,0.09113883972167969,0.002448558807373047,0.01517176628112793,0.0012128353118896484,4.410743713378906e-05,0.00014662742614746094,0.019025087356567383,5.2928924560546875e-05,0.0010349750518798828,0.024921894073486328
1156,0.0048868656158447266,0.0002532005310058594,0.09113883972167969,0.0022127628326416016,0.021236181259155273,0.0009512901306152344,6.508827209472656e-05,0.0002646446228027344,0.02473139762878418,7.104873657226562e-05,0.001354217529296875,0.03167915344238281
1157,0.004728555679321289,0.00026607513427734375,0.09113883972167969,0.0020825862884521484,0.014566421508789062,0.0011928081512451172,3.743171691894531e-05,0.0001513957977294922,0.018032073974609375,5.2928924560546875e-05,0.0009250640869140625,0.02425861358642578
1158,0.0043201446533203125,0.00023984909057617188,0.09113883972167969,0.002335071563720703,0.014389753341674805,0.0011708736419677734,4.76837158203125e-05,0.0001590251922607422,0.018103599548339844,4.3392181396484375e-05,0.0009746551513671875,0.02392125129699707
1159,0.003514528274536133,0.00018215179443359375,0.09113883972167969,0.0016360282897949219,0.014413118362426758,0.0012068748474121094,3.8623809814453125e-05,0.00014448165893554688,0.017439842224121094,5.245208740234375e-05,0.0009567737579345703,0.022388935089111328
1160,0.004225015640258789,0.00018525123596191406,0.09113883972167969,0.0021822452545166016,0.014606714248657227,0.0011608600616455078,3.9577484130859375e-05,0.0001652240753173828,0.018156051635742188,4.8160552978515625e-05,0.0009980201721191406,0.02387547492980957
1161,0.00469517707824707,0.00024271011352539062,0.09113883972167969,0.002040386199951172,0.014423131942749023,0.0011913776397705078,3.552436828613281e-05,0.00014472007751464844,0.01783609390258789,4.5299530029296875e-05,0.0008754730224609375,0.023935317993164062
1162,0.00450587272644043,0.00022792816162109375,0.09113883972167969,0.0023965835571289062,0.0207061767578125,0.0009589195251464844,6.532669067382812e-05,0.00028133392333984375,0.024410009384155273,7.128715515136719e-05,0.0013675689697265625,0.03095865249633789
1163,0.003914594650268555,0.0002617835998535156,0.09113883972167969,0.0021402835845947266,0.014525413513183594,0.0011973381042480469,4.00543212890625e-05,0.0001583099365234375,0.018062353134155273,4.6253204345703125e-05,0.0008881092071533203,0.02342081069946289
1164,0.004185199737548828,0.00033473968505859375,0.09113883972167969,0.0025212764739990234,0.014573812484741211,0.001165151596069336,4.7206878662109375e-05,0.00014162063598632812,0.018450260162353516,4.673004150390625e-05,0.0009632110595703125,0.024245500564575195
1165,0.004427671432495117,0.0002675056457519531,0.09113883972167969,0.002423524856567383,0.01458883285522461,0.001180887222290039,4.649162292480469e-05,0.00015115737915039062,0.01839160919189453,4.363059997558594e-05,0.0013058185577392578,0.024683237075805664
1166,0.004545450210571289,0.0002562999725341797,0.09113883972167969,0.002321481704711914,0.014548540115356445,0.0011913776397705078,3.4809112548828125e-05,0.00014638900756835938,0.01824355125427246,4.649162292480469e-05,0.0008935928344726562,0.02425384521484375
1167,0.0036940574645996094,0.00025773048400878906,0.09113883972167969,0.0018444061279296875,0.01457071304321289,0.0011897087097167969,3.981590270996094e-05,0.00014162063598632812,0.01778721809387207,4.601478576660156e-05,0.0008945465087890625,0.02291560173034668
1168,0.004853725433349609,0.0002677440643310547,0.09113883972167969,0.0023086071014404297,0.014839887619018555,0.0011937618255615234,3.981590270996094e-05,0.00015163421630859375,0.018535137176513672,4.482269287109375e-05,0.0009455680847167969,0.024898767471313477
1169,0.004889249801635742,0.0003287792205810547,0.09113883972167969,0.002645254135131836,0.014518499374389648,0.0011773109436035156,4.935264587402344e-05,0.00015878677368164062,0.018550395965576172,4.839897155761719e-05,0.0008213520050048828,0.024880170822143555
1170,0.004565238952636719,0.0002770423889160156,0.09113883972167969,0.002282381057739258,0.01447296142578125,0.0011813640594482422,4.673004150390625e-05,0.0001475811004638672,0.01813197135925293,6.365776062011719e-05,0.0009350776672363281,0.02422189712524414
1171,0.003660917282104492,0.00023603439331054688,0.09113883972167969,0.0019872188568115234,0.014436960220336914,0.0011951923370361328,4.935264587402344e-05,0.00014781951904296875,0.01781749725341797,4.553794860839844e-05,0.0008482933044433594,0.022871971130371094
1172,0.0043582916259765625,0.00028705596923828125,0.09113883972167969,0.002227783203125,0.014528989791870117,0.001203298568725586,4.458427429199219e-05,0.0001480579376220703,0.018153905868530273,4.839897155761719e-05,0.0009052753448486328,0.024029970169067383
1173,0.004487037658691406,0.00027370452880859375,0.09113883972167969,0.0024328231811523438,0.014548540115356445,0.0011603832244873047,4.76837158203125e-05,0.0001556873321533203,0.018346309661865234,4.553794860839844e-05,0.0008525848388671875,0.024239301681518555
1174,0.004511594772338867,0.00024771690368652344,0.09113883972167969,0.0022172927856445312,0.014431953430175781,0.001180887222290039,4.029273986816406e-05,0.00016450881958007812,0.0180361270904541,4.887580871582031e-05,0.0008776187896728516,0.023973941802978516
1175,0.003597736358642578,0.00023055076599121094,0.09113883972167969,0.002033710479736328,0.014551401138305664,0.0011708736419677734,4.673004150390625e-05,0.00015854835510253906,0.017962217330932617,4.792213439941406e-05,0.0008554458618164062,0.0229644775390625
1176,0.004666566848754883,0.0002543926239013672,0.09113883972167969,0.002226591110229492,0.014491558074951172,0.0011897087097167969,3.886222839355469e-05,0.00016617774963378906,0.01811385154724121,4.76837158203125e-05,0.0008616447448730469,0.024210214614868164
1177,0.0044248104095458984,0.00028705596923828125,0.09113883972167969,0.0022802352905273438,0.014693737030029297,0.0011720657348632812,4.315376281738281e-05,0.00014352798461914062,0.01833367347717285,5.7697296142578125e-05,0.0014958381652832031,0.024951457977294922
1178,0.004799365997314453,0.0002338886260986328,0.09113883972167969,0.0024216175079345703,0.01482081413269043,0.0012295246124267578,4.4345855712890625e-05,0.0001666545867919922,0.01868414878845215,5.817413330078125e-05,0.0009341239929199219,0.024992704391479492
1179,0.004439353942871094,0.0002772808074951172,0.09113883972167969,0.0023217201232910156,0.014650583267211914,0.0011973381042480469,4.7206878662109375e-05,0.00019216537475585938,0.018410205841064453,4.649162292480469e-05,0.0008547306060791016,0.02430248260498047
1180,0.004499197006225586,0.00032782554626464844,0.09113883972167969,0.0023593902587890625,0.014520406723022461,0.0011794567108154297,4.744529724121094e-05,0.0001380443572998047,0.018245697021484375,6.651878356933594e-05,0.0008294582366943359,0.024222135543823242
1181,0.003917694091796875,0.0003044605255126953,0.09113883972167969,0.002375364303588867,0.014605522155761719,0.0011973381042480469,4.1484832763671875e-05,0.00017261505126953125,0.018393516540527344,4.792213439941406e-05,0.0008246898651123047,0.023774147033691406
1182,0.004449129104614258,0.0002579689025878906,0.09113883972167969,0.0023131370544433594,0.014602422714233398,0.0011949539184570312,4.029273986816406e-05,0.000148773193359375,0.018300533294677734,4.649162292480469e-05,0.0008592605590820312,0.024159669876098633
1183,0.004088401794433594,0.00025916099548339844,0.09113883972167969,0.0023241043090820312,0.014550924301147461,0.0011882781982421875,4.7206878662109375e-05,0.000152587890625,0.018264293670654297,5.054473876953125e-05,0.0008029937744140625,0.023713350296020508
1184,0.004694223403930664,0.0002810955047607422,0.09113883972167969,0.002240419387817383,0.014545917510986328,0.001188039779663086,3.838539123535156e-05,0.00015211105346679688,0.018166065216064453,5.245208740234375e-05,0.0008695125579833984,0.024329185485839844
1185,0.004448413848876953,0.0002734661102294922,0.09113883972167969,0.002107381820678711,0.014442920684814453,0.0011882781982421875,3.409385681152344e-05,0.00014400482177734375,0.017917394638061523,4.5299530029296875e-05,0.0008454322814941406,0.023799896240234375
1186,0.003873586654663086,0.00023317337036132812,0.09113883972167969,0.002117156982421875,0.01474142074584961,0.0012090206146240234,4.696846008300781e-05,0.0001513957977294922,0.018267154693603516,4.792213439941406e-05,0.0009131431579589844,0.023581504821777344
1187,0.0044901371002197266,0.00026345252990722656,0.09113883972167969,0.0019621849060058594,0.014554500579833984,0.0011761188507080078,4.4345855712890625e-05,0.0001456737518310547,0.01788330078125,4.57763671875e-05,0.0008273124694824219,0.023769140243530273
1188,0.00430750846862793,0.00028204917907714844,0.09113883972167969,0.0024297237396240234,0.014573812484741211,0.0011723041534423828,3.790855407714844e-05,0.0001442432403564453,0.01835918426513672,4.935264587402344e-05,0.0008661746978759766,0.02411341667175293
1189,0.004705190658569336,0.00025725364685058594,0.09113883972167969,0.002269268035888672,0.014493465423583984,0.0011813640594482422,4.482269287109375e-05,0.0002002716064453125,0.01818990707397461,4.744529724121094e-05,0.001340627670288086,0.024815082550048828
1190,0.0047550201416015625,0.0003876686096191406,0.09113883972167969,0.0030469894409179688,0.02295660972595215,0.0018744468688964844,7.128715515136719e-05,0.0005576610565185547,0.028508424758911133,5.936622619628906e-05,0.00226593017578125,0.03650307655334473
1191,0.006448507308959961,0.00037932395935058594,0.09113883972167969,0.023991823196411133,0.03906059265136719,0.0011451244354248047,5.626678466796875e-05,0.00018024444580078125,0.06443548202514648,6.341934204101562e-05,0.0011417865753173828,0.07276368141174316
1192,0.0051763057708740234,0.00019121170043945312,0.08852243423461914,0.034636735916137695,0.015470743179321289,0.0011289119720458984,5.4836273193359375e-05,0.00018143653869628906,0.05147361755371094,5.9604644775390625e-05,0.0011043548583984375,0.05826306343078613
1193,0.004218339920043945,0.0002567768096923828,0.08852243423461914,0.023278474807739258,0.019033193588256836,0.0011448860168457031,4.3392181396484375e-05,0.00014162063598632812,0.04364299774169922,5.269050598144531e-05,0.0008492469787597656,0.04927325248718262
1194,0.004717588424682617,0.0001728534698486328,0.08852243423461914,0.03461909294128418,0.015545368194580078,0.0011241436004638672,5.340576171875e-05,0.00017213821411132812,0.05151534080505371,5.793571472167969e-05,0.001031637191772461,0.05775713920593262
1195,0.003982067108154297,0.000213623046875,0.08852243423461914,0.026023149490356445,0.018990278244018555,0.0011148452758789062,5.3882598876953125e-05,0.00017690658569335938,0.04636025428771973,5.793571472167969e-05,0.0010182857513427734,0.05188870429992676
1196,0.004868268966674805,0.00018906593322753906,0.08852243423461914,0.010284900665283203,0.02092146873474121,0.0012907981872558594,5.7697296142578125e-05,0.00017642974853515625,0.03273272514343262,5.7220458984375e-05,0.0010688304901123047,0.03917527198791504
1197,0.006104469299316406,0.0002434253692626953,0.08852243423461914,0.014801502227783203,0.018709182739257812,0.0012023448944091797,5.602836608886719e-05,0.00017404556274414062,0.03494405746459961,8.58306884765625e-05,0.0012989044189453125,0.043105125427246094
1198,0.003612995147705078,0.0002562999725341797,0.08852243423461914,0.013184785842895508,0.014936447143554688,0.0011703968048095703,4.100799560546875e-05,0.00014328956604003906,0.029477357864379883,5.1021575927734375e-05,0.0007979869842529297,0.0344545841217041
1199,0.004038333892822266,0.00025773048400878906,0.08852243423461914,0.013226747512817383,0.01486063003540039,0.0011875629425048828,4.220008850097656e-05,0.00013518333435058594,0.029453516006469727,5.054473876953125e-05,0.0007939338684082031,0.03485846519470215
1200,0.004228830337524414,0.00026345252990722656,0.08852243423461914,0.012506961822509766,0.021117687225341797,0.0011553764343261719,4.839897155761719e-05,0.00017023086547851562,0.034999847412109375,5.3882598876953125e-05,0.0010671615600585938,0.040848731994628906
1201,0.004620790481567383,0.0002162456512451172,0.08852243423461914,0.0019478797912597656,0.015092611312866211,0.0011792182922363281,6.246566772460938e-05,0.00013828277587890625,0.018421649932861328,4.839897155761719e-05,0.0012202262878417969,0.02476644515991211
1202,0.004042863845825195,0.00029587745666503906,0.08852243423461914,0.0019443035125732422,0.015029668807983398,0.001165628433227539,3.9577484130859375e-05,0.0001697540283203125,0.018349885940551758,4.38690185546875e-05,0.0008955001831054688,0.02387261390686035
1203,0.004010677337646484,0.00022530555725097656,0.08852243423461914,0.001882791519165039,0.020404577255249023,0.0009806156158447266,6.413459777832031e-05,0.0002682209014892578,0.02360224723815918,7.176399230957031e-05,0.0009860992431640625,0.029284954071044922
1204,0.004887580871582031,0.0002562999725341797,0.08852243423461914,0.001951456069946289,0.021382808685302734,0.0009984970092773438,6.699562072753906e-05,0.00027823448181152344,0.024680137634277344,7.605552673339844e-05,0.0012900829315185547,0.031588077545166016
1205,0.004041194915771484,0.0002741813659667969,0.08852243423461914,0.001954793930053711,0.01631474494934082,0.001173257827758789,4.601478576660156e-05,0.0001552104949951172,0.019645214080810547,4.57763671875e-05,0.0008733272552490234,0.025116682052612305
1206,0.004449129104614258,0.0002536773681640625,0.08852243423461914,0.0020720958709716797,0.014378786087036133,0.0011742115020751953,4.2438507080078125e-05,0.00015425682067871094,0.017822265625,6.29425048828125e-05,0.0008637905120849609,0.023741960525512695
1207,0.004517078399658203,0.00025773048400878906,0.08852243423461914,0.0019621849060058594,0.01443171501159668,0.0011739730834960938,4.38690185546875e-05,0.00016117095947265625,0.01777362823486328,4.887580871582031e-05,0.0008461475372314453,0.023682117462158203
1208,0.004312753677368164,0.00022745132446289062,0.08852243423461914,0.001893758773803711,0.014458656311035156,0.001165628433227539,4.124641418457031e-05,0.00013947486877441406,0.017699718475341797,4.8160552978515625e-05,0.0008797645568847656,0.023412227630615234
1209,0.0031647682189941406,0.00020265579223632812,0.08852243423461914,0.0017235279083251953,0.014349699020385742,0.001184225082397461,4.076957702636719e-05,0.0001404285430908203,0.017439842224121094,5.0067901611328125e-05,0.0008549690246582031,0.021969079971313477
1210,0.005880117416381836,0.00023174285888671875,0.08852243423461914,0.002110719680786133,0.014527320861816406,0.0011813640594482422,4.267692565917969e-05,0.00015687942504882812,0.018020153045654297,5.078315734863281e-05,0.0009114742279052734,0.02535104751586914
1211,0.0044307708740234375,0.00023436546325683594,0.08852243423461914,0.002187490463256836,0.014458656311035156,0.0011944770812988281,3.743171691894531e-05,0.00014901161193847656,0.01802825927734375,4.9114227294921875e-05,0.0008630752563476562,0.02386617660522461
1212,0.004697084426879883,0.0002646446228027344,0.08852243423461914,0.0024175643920898438,0.015408039093017578,0.0011713504791259766,3.8623809814453125e-05,0.00017023086547851562,0.019207000732421875,5.555152893066406e-05,0.0008962154388427734,0.025355815887451172
1213,0.003863096237182617,0.0002884864807128906,0.08852243423461914,0.001970052719116211,0.014656543731689453,0.0011713504791259766,4.315376281738281e-05,0.0001461505889892578,0.01798844337463379,4.458427429199219e-05,0.0013492107391357422,0.023777008056640625
1214,0.004357576370239258,0.0002455711364746094,0.08852243423461914,0.0021467208862304688,0.014487981796264648,0.0011947154998779297,3.9577484130859375e-05,0.00013780593872070312,0.01800823211669922,4.482269287109375e-05,0.0009481906890869141,0.023840904235839844
1215,0.0045163631439208984,0.0003197193145751953,0.08852243423461914,0.0020151138305664062,0.014461040496826172,0.0012023448944091797,3.6716461181640625e-05,0.00014162063598632812,0.017858266830444336,5.1021575927734375e-05,0.0008649826049804688,0.023868322372436523
1216,0.004254817962646484,0.00028896331787109375,0.08852243423461914,0.002188444137573242,0.014462709426879883,0.001226663589477539,3.933906555175781e-05,0.00014328956604003906,0.01806163787841797,4.57763671875e-05,0.0010766983032226562,0.02397465705871582
1217,0.004006147384643555,0.0002932548522949219,0.08852243423461914,0.002086162567138672,0.014475345611572266,0.0012028217315673828,4.172325134277344e-05,0.00014972686767578125,0.01795673370361328,5.364418029785156e-05,0.0009105205535888672,0.02349710464477539
1218,0.005164623260498047,0.00032329559326171875,0.08852243423461914,0.0026292800903320312,0.014639616012573242,0.0013332366943359375,4.7206878662109375e-05,0.0001919269561767578,0.018842697143554688,6.747245788574219e-05,0.0009906291961669922,0.025703907012939453
1219,0.007306814193725586,0.000247955322265625,0.08852243423461914,0.002171039581298828,0.02067112922668457,0.0011675357818603516,3.6716461181640625e-05,0.0001475811004638672,0.024194955825805664,6.461143493652344e-05,0.0010344982147216797,0.03312516212463379
1220,0.005013465881347656,0.00021600723266601562,0.08852243423461914,0.002277374267578125,0.01868748664855957,0.0011737346649169922,4.553794860839844e-05,0.0001513957977294922,0.022336483001708984,5.7697296142578125e-05,0.0010523796081542969,0.028922080993652344
1221,0.004617452621459961,0.00028061866760253906,0.08852243423461914,0.0019576549530029297,0.014587879180908203,0.0011591911315917969,4.315376281738281e-05,0.0001456737518310547,0.017894506454467773,6.29425048828125e-05,0.0013804435729980469,0.02450847625732422
1222,0.0046155452728271484,0.0002720355987548828,0.08852243423461914,0.0023326873779296875,0.015665054321289062,0.0011546611785888672,4.792213439941406e-05,0.00014972686767578125,0.01935100555419922,4.839897155761719e-05,0.0009844303131103516,0.025539159774780273
1223,0.00452113151550293,0.00024008750915527344,0.08852243423461914,0.0019941329956054688,0.014561653137207031,0.0013356208801269531,5.245208740234375e-05,0.00019025802612304688,0.01813507080078125,5.269050598144531e-05,0.0009613037109375,0.024184226989746094
1224,0.004378318786621094,0.0002601146697998047,0.08852243423461914,0.002622842788696289,0.014653921127319336,0.0013666152954101562,4.649162292480469e-05,0.00014734268188476562,0.01883840560913086,5.626678466796875e-05,0.0009958744049072266,0.024798870086669922
1225,0.0043659210205078125,0.0002155303955078125,0.08852243423461914,0.0020394325256347656,0.015038013458251953,0.001177072525024414,4.00543212890625e-05,0.00017333030700683594,0.018468618392944336,5.3882598876953125e-05,0.0013163089752197266,0.024702072143554688
1226,0.003793954849243164,0.00020194053649902344,0.08852243423461914,0.0027751922607421875,0.015818119049072266,0.001169443130493164,4.601478576660156e-05,0.00014519691467285156,0.01995563507080078,4.744529724121094e-05,0.0009768009185791016,0.02525019645690918
1227,0.004696369171142578,0.00029087066650390625,0.08852243423461914,0.0020253658294677734,0.014580965042114258,0.0011811256408691406,6.29425048828125e-05,0.0001621246337890625,0.018014192581176758,4.887580871582031e-05,0.0014340877532958984,0.02473616600036621
1228,0.0043447017669677734,0.0002617835998535156,0.08852243423461914,0.0021238327026367188,0.014469623565673828,0.001165151596069336,4.38690185546875e-05,0.00014925003051757812,0.017952919006347656,4.601478576660156e-05,0.0010199546813964844,0.023881196975708008
1229,0.004498481750488281,0.0002486705780029297,0.08852243423461914,0.001943349838256836,0.014417886734008789,0.001157999038696289,4.315376281738281e-05,0.0001480579376220703,0.017711400985717773,4.57763671875e-05,0.0008797645568847656,0.0236203670501709
1230,0.00437474250793457,0.00027680397033691406,0.08852243423461914,0.002211332321166992,0.014502763748168945,0.0011773109436035156,4.482269287109375e-05,0.00014829635620117188,0.018085479736328125,4.839897155761719e-05,0.0010209083557128906,0.02405405044555664
1231,0.004698514938354492,0.00026798248291015625,0.08852243423461914,0.0019550323486328125,0.014436006546020508,0.0011692047119140625,3.9577484130859375e-05,0.00013875961303710938,0.017739534378051758,4.363059997558594e-05,0.0010082721710205078,0.024005651473999023
1232,0.005403995513916016,0.00030922889709472656,0.08852243423461914,0.0022935867309570312,0.014432430267333984,0.0011744499206542969,4.482269287109375e-05,0.0001423358917236328,0.018088817596435547,4.458427429199219e-05,0.0009708404541015625,0.025058746337890625
1233,0.0030770301818847656,0.0002002716064453125,0.08852243423461914,0.0016336441040039062,0.01440286636352539,0.0011746883392333984,3.361701965332031e-05,0.00014209747314453125,0.017388105392456055,4.3392181396484375e-05,0.000881195068359375,0.02183365821838379
1234,0.0029599666595458984,0.00016736984252929688,0.08852243423461914,0.0017571449279785156,0.014440774917602539,0.00118255615234375,4.220008850097656e-05,0.00013399124145507812,0.017557859420776367,4.792213439941406e-05,0.0009851455688476562,0.02195596694946289
1235,0.00323486328125,0.00021791458129882812,0.08852243423461914,0.0016031265258789062,0.01445627212524414,0.0011670589447021484,3.886222839355469e-05,0.0001537799835205078,0.01741957664489746,4.553794860839844e-05,0.0008935928344726562,0.0220794677734375
1236,0.003039121627807617,0.00016379356384277344,0.08852243423461914,0.00177001953125,0.014449357986450195,0.0011832714080810547,3.886222839355469e-05,0.00016021728515625,0.01760244369506836,4.601478576660156e-05,0.0009388923645019531,0.022052288055419922
1237,0.002992868423461914,0.00017833709716796875,0.08852243423461914,0.001645803451538086,0.014413118362426758,0.0011572837829589844,3.695487976074219e-05,0.00013518333435058594,0.01738905906677246,4.315376281738281e-05,0.001253366470336914,0.022080659866333008
1238,0.0029382705688476562,0.0001895427703857422,0.08852243423461914,0.00177764892578125,0.014476299285888672,0.0011563301086425781,4.1484832763671875e-05,0.00014090538024902344,0.0175933837890625,4.458427429199219e-05,0.0009059906005859375,0.02189779281616211
1239,0.002973318099975586,0.00020551681518554688,0.08852243423461914,0.0016207695007324219,0.014368534088134766,0.0011882781982421875,3.266334533691406e-05,0.00013947486877441406,0.01735091209411621,4.291534423828125e-05,0.0008821487426757812,0.021718740463256836
1240,0.003117084503173828,0.0001819133758544922,0.08852243423461914,0.0017583370208740234,0.014421463012695312,0.0012288093566894531,5.5789947509765625e-05,0.00014281272888183594,0.017608165740966797,5.364418029785156e-05,0.0010116100311279297,0.0222322940826416
1241,0.0036020278930664062,0.0002155303955078125,0.08852243423461914,0.001642465591430664,0.014530658721923828,0.0011734962463378906,4.076957702636719e-05,0.0001480579376220703,0.017535924911499023,4.982948303222656e-05,0.0009307861328125,0.022578954696655273
1242,0.0032150745391845703,0.00018286705017089844,0.08852243423461914,0.0018620491027832031,0.014473915100097656,0.0011639595031738281,4.482269287109375e-05,0.00015926361083984375,0.01770472526550293,4.673004150390625e-05,0.0009198188781738281,0.022304296493530273
1243,0.0030736923217773438,0.0001957416534423828,0.08852243423461914,0.0016214847564697266,0.01448822021484375,0.0011682510375976562,4.172325134277344e-05,0.00013184547424316406,0.017452239990234375,4.4345855712890625e-05,0.0009043216705322266,0.021910905838012695
1244,0.003111124038696289,0.00019121170043945312,0.08852243423461914,0.0017921924591064453,0.01448202133178711,0.001237630844116211,4.291534423828125e-05,0.0001842975616455078,0.01774001121520996,4.553794860839844e-05,0.0009315013885498047,0.022293806076049805
1245,0.0033767223358154297,0.00019693374633789062,0.08852243423461914,0.001638650894165039,0.014525890350341797,0.001171112060546875,4.363059997558594e-05,0.00014591217041015625,0.017526626586914062,4.9591064453125e-05,0.0009119510650634766,0.02229619026184082
1246,0.002825498580932617,0.00018548965454101562,0.08852243423461914,0.001787424087524414,0.01452493667602539,0.0011982917785644531,3.5762786865234375e-05,0.000141143798828125,0.017688512802124023,4.744529724121094e-05,0.0010883808135986328,0.022092819213867188
1247,0.0030803680419921875,0.00019240379333496094,0.08852243423461914,0.0016407966613769531,0.014454841613769531,0.0011777877807617188,3.4809112548828125e-05,0.0001399517059326172,0.01744866371154785,4.5299530029296875e-05,0.0008928775787353516,0.02191901206970215
1248,0.002919912338256836,0.0001926422119140625,0.08852243423461914,0.001779794692993164,0.01449441909790039,0.0011949539184570312,4.1961669921875e-05,0.0001590251922607422,0.01767110824584961,4.5299530029296875e-05,0.0009341239929199219,0.022011280059814453
1249,0.0031654834747314453,0.0001895427703857422,0.08852243423461914,0.0016179084777832031,0.014421224594116211,0.0011761188507080078,4.2438507080078125e-05,0.0001399517059326172,0.017398595809936523,4.506111145019531e-05,0.0012781620025634766,0.02231121063232422
